CIK,CONAME,FYRMO,FDATE,FORM,SECFNAME,SECFNAME_link,CIK,CONAME,FYRMO,FDATE,FORM,SECFNAME,SECFNAME_link,mda_positive_score,mda_negative_score,mda_polarity_score,mda_average_sentence_length,mda_percentage_of_complex_words,mda_fog_index,mda_complex_word_count,mda_word_count,mda_uncertainty_score,mda_constraining_score,mda_positive_word_proportion,mda_negative_word_proportion,mda_uncertainty_word_proportion,mda_constraining_word_proportion,qqdmr_positive_score,qqdmr_negative_score,qqdmr_polarity_score,qqdmr_average_sentence_length,qqdmr_percentage_of_complex_words,qqdmr_fog_index,qqdmr_complex_word_count,qqdmr_word_count,qqdmr_uncertainty_score,qqdmr_constraining_score,qqdmr_positive_word_proportion,qqdmr_negative_word_proportion,qqdmr_uncertainty_word_proportion,qqdmr_constraining_word_proportion,rf_positive_score,rf_negative_score,rf_polarity_score,rf_average_sentence_length,rf_percentage_of_complex_words,rf_fog_index,rf_complex_word_count,rf_word_count,rf_uncertainty_score,rf_constraining_score,rf_positive_word_proportion,rf_negative_word_proportion,rf_uncertainty_word_proportion,rf_constraining_word_proportion,constraining_words_whole_report,constraining_words_whole_report
3662,SUNBEAM CORP/FL/,199803,1998-03-06,10-K405,edgar/data/3662/0000950170-98-000413.txt,https://www.sec.gov/Archives/edgar/data/3662/0000950170-98-000413.txt,3662,SUNBEAM CORP/FL/,199803,1998-03-06,10-K405,edgar/data/3662/0000950170-98-000413.txt,https://www.sec.gov/Archives/edgar/data/3662/0000950170-98-000413.txt,0.0,12.0,-0.9999999166666736,11.497907949790795,0.1841339155749636,4.672816746146304,506.0,2748.0,32.0,15.0,0.0,0.004366812227074236,0.011644832605531296,0.0054585152838427945,0.0,0.0,0.0,0.0,0.0,0.0,0.0,0.0,0.0,0.0,0.0,0.0,0.0,0.0,0.0,0.0,0.0,0.0,0.0,0.0,0.0,0.0,0.0,0.0,0.0,0.0,0.0,0.0,55,55
3662,SUNBEAM CORP/FL/,199805,1998-05-15,10-Q,edgar/data/3662/0000950170-98-001001.txt,https://www.sec.gov/Archives/edgar/data/3662/0000950170-98-001001.txt,3662,SUNBEAM CORP/FL/,199805,1998-05-15,10-Q,edgar/data/3662/0000950170-98-001001.txt,https://www.sec.gov/Archives/edgar/data/3662/0000950170-98-001001.txt,0.0,15.0,-0.9999999333333378,15.2,0.1668421052631579,6.146736842105263,317.0,1900.0,71.0,3.0,0.0,0.007894736842105263,0.03736842105263158,0.0015789473684210526,0.0,0.0,0.0,0.0,0.0,0.0,0.0,0.0,0.0,0.0,0.0,0.0,0.0,0.0,0.0,0.0,0.0,0.0,0.0,0.0,0.0,0.0,0.0,0.0,0.0,0.0,0.0,0.0,41,41
3662,SUNBEAM CORP/FL/,199808,1998-08-13,NT 10-Q,edgar/data/3662/0000950172-98-000783.txt,https://www.sec.gov/Archives/edgar/data/3662/0000950172-98-000783.txt,3662,SUNBEAM CORP/FL/,199808,1998-08-13,NT 10-Q,edgar/data/3662/0000950172-98-000783.txt,https://www.sec.gov/Archives/edgar/data/3662/0000950172-98-000783.txt,0.0,0.0,0.0,0.0,0.0,0.0,0.0,0.0,0.0,0.0,0.0,0.0,0.0,0.0,0.0,0.0,0.0,0.0,0.0,0.0,0.0,0.0,0.0,0.0,0.0,0.0,0.0,0.0,0.0,0.0,0.0,0.0,0.0,0.0,0.0,0.0,0.0,0.0,0.0,0.0,0.0,0.0,0,0
3662,SUNBEAM CORP/FL/,199811,1998-11-12,10-K/A,edgar/data/3662/0000950170-98-002145.txt,https://www.sec.gov/Archives/edgar/data/3662/0000950170-98-002145.txt,3662,SUNBEAM CORP/FL/,199811,1998-11-12,10-K/A,edgar/data/3662/0000950170-98-002145.txt,https://www.sec.gov/Archives/edgar/data/3662/0000950170-98-002145.txt,0.0,32.0,-0.9999999687500011,12.09620253164557,0.1755964838844705,4.908719606212017,839.0,4778.0,94.0,53.0,0.0,0.006697362913352867,0.019673503557974047,0.011092507325240687,0.0,0.0,0.0,0.0,0.0,0.0,0.0,0.0,0.0,0.0,0.0,0.0,0.0,0.0,0.0,0.0,0.0,0.0,0.0,0.0,0.0,0.0,0.0,0.0,0.0,0.0,0.0,0.0,38,38
3662,SUNBEAM CORP/FL/,199811,1998-11-16,NT 10-Q,edgar/data/3662/0000950172-98-001203.txt,https://www.sec.gov/Archives/edgar/data/3662/0000950172-98-001203.txt,3662,SUNBEAM CORP/FL/,199811,1998-11-16,NT 10-Q,edgar/data/3662/0000950172-98-001203.txt,https://www.sec.gov/Archives/edgar/data/3662/0000950172-98-001203.txt,0.0,0.0,0.0,0.0,0.0,0.0,0.0,0.0,0.0,0.0,0.0,0.0,0.0,0.0,0.0,0.0,0.0,0.0,0.0,0.0,0.0,0.0,0.0,0.0,0.0,0.0,0.0,0.0,0.0,0.0,0.0,0.0,0.0,0.0,0.0,0.0,0.0,0.0,0.0,0.0,0.0,0.0,0,0
3662,SUNBEAM CORP/FL/,199811,1998-11-25,10-Q/A,edgar/data/3662/0000950170-98-002278.txt,https://www.sec.gov/Archives/edgar/data/3662/0000950170-98-002278.txt,3662,SUNBEAM CORP/FL/,199811,1998-11-25,10-Q/A,edgar/data/3662/0000950170-98-002278.txt,https://www.sec.gov/Archives/edgar/data/3662/0000950170-98-002278.txt,0.0,27.0,-0.9999999629629643,13.786206896551723,0.15557778889444723,5.576713874178469,622.0,3998.0,115.0,30.0,0.0,0.006753376688344172,0.028764382191095547,0.007503751875937969,0.0,0.0,0.0,0.0,0.0,0.0,0.0,0.0,0.0,0.0,0.0,0.0,0.0,0.0,0.0,0.0,0.0,0.0,0.0,0.0,0.0,0.0,0.0,0.0,0.0,0.0,0.0,0.0,1,1
3662,SUNBEAM CORP/FL/,199812,1998-12-22,10-Q,edgar/data/3662/0000950170-98-002401.txt,https://www.sec.gov/Archives/edgar/data/3662/0000950170-98-002401.txt,3662,SUNBEAM CORP/FL/,199812,1998-12-22,10-Q,edgar/data/3662/0000950170-98-002401.txt,https://www.sec.gov/Archives/edgar/data/3662/0000950170-98-002401.txt,7.0,37.0,-0.6818181663223144,12.091623036649215,0.16020783719419787,4.900732349537366,740.0,4619.0,128.0,42.0,0.0015154795410261962,0.008010391859709894,0.027711625893050443,0.009092877246157177,0.0,0.0,0.0,0.0,0.0,0.0,0.0,0.0,0.0,0.0,0.0,0.0,0.0,0.0,0.0,0.0,0.0,0.0,0.0,0.0,0.0,0.0,0.0,0.0,0.0,0.0,0.0,0.0,8,8
3662,SUNBEAM CORP/FL/,199812,1998-12-22,10-Q,edgar/data/3662/0000950170-98-002402.txt,https://www.sec.gov/Archives/edgar/data/3662/0000950170-98-002402.txt,3662,SUNBEAM CORP/FL/,199812,1998-12-22,10-Q,edgar/data/3662/0000950170-98-002402.txt,https://www.sec.gov/Archives/edgar/data/3662/0000950170-98-002402.txt,2.0,45.0,-0.9148935975554554,12.386904761904763,0.15905814512253724,5.018385162810921,662.0,4162.0,122.0,39.0,0.0004805382027871216,0.010812109562710235,0.029312830370014416,0.00937049495434887,0.0,0.0,0.0,0.0,0.0,0.0,0.0,0.0,0.0,0.0,0.0,0.0,0.0,0.0,0.0,0.0,0.0,0.0,0.0,0.0,0.0,0.0,0.0,0.0,0.0,0.0,0.0,0.0,3,3
3662,SUNBEAM CORP/FL/,199903,1999-03-31,NT 10-K,edgar/data/3662/0000950172-99-000362.txt,https://www.sec.gov/Archives/edgar/data/3662/0000950172-99-000362.txt,3662,SUNBEAM CORP/FL/,199903,1999-03-31,NT 10-K,edgar/data/3662/0000950172-99-000362.txt,https://www.sec.gov/Archives/edgar/data/3662/0000950172-99-000362.txt,0.0,0.0,0.0,0.0,0.0,0.0,0.0,0.0,0.0,0.0,0.0,0.0,0.0,0.0,0.0,0.0,0.0,0.0,0.0,0.0,0.0,0.0,0.0,0.0,0.0,0.0,0.0,0.0,0.0,0.0,0.0,0.0,0.0,0.0,0.0,0.0,0.0,0.0,0.0,0.0,0.0,0.0,0,0
3662,SUNBEAM CORP/FL/,199905,1999-05-11,10-K,edgar/data/3662/0000950170-99-000775.txt,https://www.sec.gov/Archives/edgar/data/3662/0000950170-99-000775.txt,3662,SUNBEAM CORP/FL/,199905,1999-05-11,10-K,edgar/data/3662/0000950170-99-000775.txt,https://www.sec.gov/Archives/edgar/data/3662/0000950170-99-000775.txt,0.0,76.0,-0.9999999868421054,11.409420289855072,0.16619032497089023,4.630244245930385,1570.0,9447.0,221.0,97.0,0.0,0.008044881973113158,0.023393669948131683,0.01026780988673653,0.0,0.0,0.0,0.0,0.0,0.0,0.0,0.0,0.0,0.0,0.0,0.0,0.0,0.0,0.0,0.0,0.0,0.0,0.0,0.0,0.0,0.0,0.0,0.0,0.0,0.0,0.0,0.0,15,15
3662,SUNBEAM CORP/FL/,199905,1999-05-17,NT 10-Q,edgar/data/3662/0000950172-99-000584.txt,https://www.sec.gov/Archives/edgar/data/3662/0000950172-99-000584.txt,3662,SUNBEAM CORP/FL/,199905,1999-05-17,NT 10-Q,edgar/data/3662/0000950172-99-000584.txt,https://www.sec.gov/Archives/edgar/data/3662/0000950172-99-000584.txt,0.0,0.0,0.0,0.0,0.0,0.0,0.0,0.0,0.0,0.0,0.0,0.0,0.0,0.0,0.0,0.0,0.0,0.0,0.0,0.0,0.0,0.0,0.0,0.0,0.0,0.0,0.0,0.0,0.0,0.0,0.0,0.0,0.0,0.0,0.0,0.0,0.0,0.0,0.0,0.0,0.0,0.0,0,0
3662,SUNBEAM CORP/FL/,199906,1999-06-11,10-Q,edgar/data/3662/0000950170-99-001005.txt,https://www.sec.gov/Archives/edgar/data/3662/0000950170-99-001005.txt,3662,SUNBEAM CORP/FL/,199906,1999-06-11,10-Q,edgar/data/3662/0000950170-99-001005.txt,https://www.sec.gov/Archives/edgar/data/3662/0000950170-99-001005.txt,1.0,51.0,-0.9615384430473377,13.865546218487395,0.15575757575757576,5.608521517697989,771.0,4950.0,162.0,39.0,0.00020202020202020202,0.010303030303030303,0.03272727272727273,0.00787878787878788,0.0,0.0,0.0,0.0,0.0,0.0,0.0,0.0,0.0,0.0,0.0,0.0,0.0,0.0,0.0,0.0,0.0,0.0,0.0,0.0,0.0,0.0,0.0,0.0,0.0,0.0,0.0,0.0,2,2
3662,SUNBEAM CORP/FL/,199908,1999-08-16,NT 10-Q,edgar/data/3662/0000950172-99-001074.txt,https://www.sec.gov/Archives/edgar/data/3662/0000950172-99-001074.txt,3662,SUNBEAM CORP/FL/,199908,1999-08-16,NT 10-Q,edgar/data/3662/0000950172-99-001074.txt,https://www.sec.gov/Archives/edgar/data/3662/0000950172-99-001074.txt,0.0,0.0,0.0,0.0,0.0,0.0,0.0,0.0,0.0,0.0,0.0,0.0,0.0,0.0,0.0,0.0,0.0,0.0,0.0,0.0,0.0,0.0,0.0,0.0,0.0,0.0,0.0,0.0,0.0,0.0,0.0,0.0,0.0,0.0,0.0,0.0,0.0,0.0,0.0,0.0,0.0,0.0,0,0
3662,SUNBEAM CORP/FL/,199908,1999-08-19,10-Q,edgar/data/3662/0000950170-99-001361.txt,https://www.sec.gov/Archives/edgar/data/3662/0000950170-99-001361.txt,3662,SUNBEAM CORP/FL/,199908,1999-08-19,10-Q,edgar/data/3662/0000950170-99-001361.txt,https://www.sec.gov/Archives/edgar/data/3662/0000950170-99-001361.txt,0.0,0.0,0.0,0.0,0.0,0.0,0.0,0.0,0.0,0.0,0.0,0.0,0.0,0.0,0.0,0.0,0.0,0.0,0.0,0.0,0.0,0.0,0.0,0.0,0.0,0.0,0.0,0.0,0.0,0.0,0.0,0.0,0.0,0.0,0.0,0.0,0.0,0.0,0.0,0.0,0.0,0.0,7,7
3662,SUNBEAM CORP/FL/,199911,1999-11-08,10-K/A,edgar/data/3662/0000889812-99-003241.txt,https://www.sec.gov/Archives/edgar/data/3662/0000889812-99-003241.txt,3662,SUNBEAM CORP/FL/,199911,1999-11-08,10-K/A,edgar/data/3662/0000889812-99-003241.txt,https://www.sec.gov/Archives/edgar/data/3662/0000889812-99-003241.txt,1.0,89.0,-0.9777777669135804,11.077679449360865,0.16927037102787146,4.4987799281554945,1907.0,11266.0,292.0,125.0,8.876264867743653e-05,0.007899875732291851,0.025918693413811467,0.011095331084679567,0.0,0.0,0.0,0.0,0.0,0.0,0.0,0.0,0.0,0.0,0.0,0.0,0.0,0.0,0.0,0.0,0.0,0.0,0.0,0.0,0.0,0.0,0.0,0.0,0.0,0.0,0.0,0.0,12,12
3662,SUNBEAM CORP/FL/,199911,1999-11-08,10-Q/A,edgar/data/3662/0000950170-99-001639.txt,https://www.sec.gov/Archives/edgar/data/3662/0000950170-99-001639.txt,3662,SUNBEAM CORP/FL/,199911,1999-11-08,10-Q/A,edgar/data/3662/0000950170-99-001639.txt,https://www.sec.gov/Archives/edgar/data/3662/0000950170-99-001639.txt,5.0,66.0,-0.8591549174766914,12.199127906976743,0.15679733110925773,4.942370095234401,1316.0,8393.0,245.0,81.0,0.0005957345406886692,0.007863695937090432,0.029190992493744787,0.00965089955915644,0.0,0.0,0.0,0.0,0.0,0.0,0.0,0.0,0.0,0.0,0.0,0.0,0.0,0.0,0.0,0.0,0.0,0.0,0.0,0.0,0.0,0.0,0.0,0.0,0.0,0.0,0.0,0.0,9,9
3662,SUNBEAM CORP/FL/,199911,1999-11-08,10-Q/A,edgar/data/3662/0000950170-99-001640.txt,https://www.sec.gov/Archives/edgar/data/3662/0000950170-99-001640.txt,3662,SUNBEAM CORP/FL/,199911,1999-11-08,10-Q/A,edgar/data/3662/0000950170-99-001640.txt,https://www.sec.gov/Archives/edgar/data/3662/0000950170-99-001640.txt,1.0,54.0,-0.9636363461157028,13.59732824427481,0.1529824561403509,5.500124280166064,1090.0,7125.0,222.0,72.0,0.00014035087719298245,0.007578947368421052,0.031157894736842107,0.010105263157894737,0.0,0.0,0.0,0.0,0.0,0.0,0.0,0.0,0.0,0.0,0.0,0.0,0.0,0.0,0.0,0.0,0.0,0.0,0.0,0.0,0.0,0.0,0.0,0.0,0.0,0.0,0.0,0.0,7,7
3662,SUNBEAM CORP/FL/,199911,1999-11-15,NT 10-Q,edgar/data/3662/0000950172-99-001626.txt,https://www.sec.gov/Archives/edgar/data/3662/0000950172-99-001626.txt,3662,SUNBEAM CORP/FL/,199911,1999-11-15,NT 10-Q,edgar/data/3662/0000950172-99-001626.txt,https://www.sec.gov/Archives/edgar/data/3662/0000950172-99-001626.txt,0.0,0.0,0.0,0.0,0.0,0.0,0.0,0.0,0.0,0.0,0.0,0.0,0.0,0.0,0.0,0.0,0.0,0.0,0.0,0.0,0.0,0.0,0.0,0.0,0.0,0.0,0.0,0.0,0.0,0.0,0.0,0.0,0.0,0.0,0.0,0.0,0.0,0.0,0.0,0.0,0.0,0.0,0,0
3662,SUNBEAM CORP/FL/,199911,1999-11-19,10-Q,edgar/data/3662/0000950170-99-001856.txt,https://www.sec.gov/Archives/edgar/data/3662/0000950170-99-001856.txt,3662,SUNBEAM CORP/FL/,199911,1999-11-19,10-Q,edgar/data/3662/0000950170-99-001856.txt,https://www.sec.gov/Archives/edgar/data/3662/0000950170-99-001856.txt,1.0,72.0,-0.9726027264027024,12.544080604534004,0.16325301204819276,5.082933446632879,1626.0,9960.0,280.0,92.0,0.00010040160642570282,0.007228915662650603,0.028112449799196786,0.009236947791164659,0.0,0.0,0.0,0.0,0.0,0.0,0.0,0.0,0.0,0.0,0.0,0.0,0.0,0.0,0.0,0.0,0.0,0.0,0.0,0.0,0.0,0.0,0.0,0.0,0.0,0.0,0.0,0.0,12,12
3982,ALLIS CHALMERS ENERGY INC.,200603,2006-03-22,10-K,edgar/data/3982/0000950129-06-002926.txt,https://www.sec.gov/Archives/edgar/data/3982/0000950129-06-002926.txt,3982,ALLIS CHALMERS ENERGY INC.,200603,2006-03-22,10-K,edgar/data/3982/0000950129-06-002926.txt,https://www.sec.gov/Archives/edgar/data/3982/0000950129-06-002926.txt,0.0,0.0,0.0,0.0,0.0,0.0,0.0,0.0,0.0,0.0,0.0,0.0,0.0,0.0,0.0,0.0,0.0,0.0,0.0,0.0,0.0,0.0,0.0,0.0,0.0,0.0,0.0,0.0,0.0,0.0,0.0,0.0,0.0,0.0,0.0,0.0,0.0,0.0,0.0,0.0,0.0,0.0,12,12
3982,ALLIS CHALMERS ENERGY INC.,200605,2006-05-01,10-K/A,edgar/data/3982/0000950129-06-004690.txt,https://www.sec.gov/Archives/edgar/data/3982/0000950129-06-004690.txt,3982,ALLIS CHALMERS ENERGY INC.,200605,2006-05-01,10-K/A,edgar/data/3982/0000950129-06-004690.txt,https://www.sec.gov/Archives/edgar/data/3982/0000950129-06-004690.txt,0.0,0.0,0.0,0.0,0.0,0.0,0.0,0.0,0.0,0.0,0.0,0.0,0.0,0.0,0.0,0.0,0.0,0.0,0.0,0.0,0.0,0.0,0.0,0.0,0.0,0.0,0.0,0.0,0.0,0.0,0.0,0.0,0.0,0.0,0.0,0.0,0.0,0.0,0.0,0.0,0.0,0.0,0,0
3982,ALLIS CHALMERS ENERGY INC.,200605,2006-05-10,10-Q,edgar/data/3982/0000950129-06-005244.txt,https://www.sec.gov/Archives/edgar/data/3982/0000950129-06-005244.txt,3982,ALLIS CHALMERS ENERGY INC.,200605,2006-05-10,10-Q,edgar/data/3982/0000950129-06-005244.txt,https://www.sec.gov/Archives/edgar/data/3982/0000950129-06-005244.txt,0.0,0.0,0.0,0.0,0.0,0.0,0.0,0.0,0.0,0.0,0.0,0.0,0.0,0.0,0.0,0.0,0.0,0.0,0.0,0.0,0.0,0.0,0.0,0.0,0.0,0.0,0.0,0.0,0.0,0.0,0.0,0.0,0.0,0.0,0.0,0.0,0.0,0.0,0.0,0.0,0.0,0.0,14,14
3982,ALLIS CHALMERS ENERGY INC.,200607,2006-07-24,10-K/A,edgar/data/3982/0000950129-06-007243.txt,https://www.sec.gov/Archives/edgar/data/3982/0000950129-06-007243.txt,3982,ALLIS CHALMERS ENERGY INC.,200607,2006-07-24,10-K/A,edgar/data/3982/0000950129-06-007243.txt,https://www.sec.gov/Archives/edgar/data/3982/0000950129-06-007243.txt,0.0,0.0,0.0,0.0,0.0,0.0,0.0,0.0,0.0,0.0,0.0,0.0,0.0,0.0,0.0,0.0,0.0,0.0,0.0,0.0,0.0,0.0,0.0,0.0,0.0,0.0,0.0,0.0,0.0,0.0,0.0,0.0,0.0,0.0,0.0,0.0,0.0,0.0,0.0,0.0,0.0,0.0,2,2
3982,ALLIS CHALMERS ENERGY INC.,200607,2006-07-24,10-Q/A,edgar/data/3982/0000950129-06-007244.txt,https://www.sec.gov/Archives/edgar/data/3982/0000950129-06-007244.txt,3982,ALLIS CHALMERS ENERGY INC.,200607,2006-07-24,10-Q/A,edgar/data/3982/0000950129-06-007244.txt,https://www.sec.gov/Archives/edgar/data/3982/0000950129-06-007244.txt,0.0,0.0,0.0,0.0,0.0,0.0,0.0,0.0,0.0,0.0,0.0,0.0,0.0,0.0,0.0,0.0,0.0,0.0,0.0,0.0,0.0,0.0,0.0,0.0,0.0,0.0,0.0,0.0,0.0,0.0,0.0,0.0,0.0,0.0,0.0,0.0,0.0,0.0,0.0,0.0,0.0,0.0,0,0
3982,ALLIS CHALMERS ENERGY INC.,200608,2006-08-14,10-Q,edgar/data/3982/0000950129-06-007871.txt,https://www.sec.gov/Archives/edgar/data/3982/0000950129-06-007871.txt,3982,ALLIS CHALMERS ENERGY INC.,200608,2006-08-14,10-Q,edgar/data/3982/0000950129-06-007871.txt,https://www.sec.gov/Archives/edgar/data/3982/0000950129-06-007871.txt,0.0,0.0,0.0,0.0,0.0,0.0,0.0,0.0,0.0,0.0,0.0,0.0,0.0,0.0,0.0,0.0,0.0,0.0,0.0,0.0,0.0,0.0,0.0,0.0,0.0,0.0,0.0,0.0,0.0,0.0,0.0,0.0,0.0,0.0,0.0,0.0,0.0,0.0,0.0,0.0,0.0,0.0,0,0
3982,ALLIS CHALMERS ENERGY INC.,200611,2006-11-08,10-Q,edgar/data/3982/0000950129-06-009522.txt,https://www.sec.gov/Archives/edgar/data/3982/0000950129-06-009522.txt,3982,ALLIS CHALMERS ENERGY INC.,200611,2006-11-08,10-Q,edgar/data/3982/0000950129-06-009522.txt,https://www.sec.gov/Archives/edgar/data/3982/0000950129-06-009522.txt,0.0,0.0,0.0,0.0,0.0,0.0,0.0,0.0,0.0,0.0,0.0,0.0,0.0,0.0,0.0,0.0,0.0,0.0,0.0,0.0,0.0,0.0,0.0,0.0,0.0,0.0,0.0,0.0,0.0,0.0,0.0,0.0,0.0,0.0,0.0,0.0,0.0,0.0,0.0,0.0,0.0,0.0,0,0
3982,ALLIS CHALMERS ENERGY INC.,200612,2006-12-29,10-Q/A,edgar/data/3982/0000950134-06-023819.txt,https://www.sec.gov/Archives/edgar/data/3982/0000950134-06-023819.txt,3982,ALLIS CHALMERS ENERGY INC.,200612,2006-12-29,10-Q/A,edgar/data/3982/0000950134-06-023819.txt,https://www.sec.gov/Archives/edgar/data/3982/0000950134-06-023819.txt,0.0,0.0,0.0,0.0,0.0,0.0,0.0,0.0,0.0,0.0,0.0,0.0,0.0,0.0,0.0,0.0,0.0,0.0,0.0,0.0,0.0,0.0,0.0,0.0,0.0,0.0,0.0,0.0,0.0,0.0,0.0,0.0,0.0,0.0,0.0,0.0,0.0,0.0,0.0,0.0,0.0,0.0,0,0
3982,ALLIS CHALMERS ENERGY INC.,200703,2007-03-15,10-K,edgar/data/3982/0000950129-07-001381.txt,https://www.sec.gov/Archives/edgar/data/3982/0000950129-07-001381.txt,3982,ALLIS CHALMERS ENERGY INC.,200703,2007-03-15,10-K,edgar/data/3982/0000950129-07-001381.txt,https://www.sec.gov/Archives/edgar/data/3982/0000950129-07-001381.txt,0.0,0.0,0.0,0.0,0.0,0.0,0.0,0.0,0.0,0.0,0.0,0.0,0.0,0.0,0.0,0.0,0.0,0.0,0.0,0.0,0.0,0.0,0.0,0.0,0.0,0.0,0.0,0.0,0.0,0.0,0.0,0.0,0.0,0.0,0.0,0.0,0.0,0.0,0.0,0.0,0.0,0.0,2,2
3982,ALLIS CHALMERS ENERGY INC.,200705,2007-05-10,10-Q,edgar/data/3982/0000950129-07-002432.txt,https://www.sec.gov/Archives/edgar/data/3982/0000950129-07-002432.txt,3982,ALLIS CHALMERS ENERGY INC.,200705,2007-05-10,10-Q,edgar/data/3982/0000950129-07-002432.txt,https://www.sec.gov/Archives/edgar/data/3982/0000950129-07-002432.txt,0.0,0.0,0.0,0.0,0.0,0.0,0.0,0.0,0.0,0.0,0.0,0.0,0.0,0.0,0.0,0.0,0.0,0.0,0.0,0.0,0.0,0.0,0.0,0.0,0.0,0.0,0.0,0.0,0.0,0.0,0.0,0.0,0.0,0.0,0.0,0.0,0.0,0.0,0.0,0.0,0.0,0.0,26,26
3982,ALLIS CHALMERS ENERGY INC.,200708,2007-08-09,10-Q,edgar/data/3982/0000950129-07-003918.txt,https://www.sec.gov/Archives/edgar/data/3982/0000950129-07-003918.txt,3982,ALLIS CHALMERS ENERGY INC.,200708,2007-08-09,10-Q,edgar/data/3982/0000950129-07-003918.txt,https://www.sec.gov/Archives/edgar/data/3982/0000950129-07-003918.txt,0.0,0.0,0.0,0.0,0.0,0.0,0.0,0.0,0.0,0.0,0.0,0.0,0.0,0.0,0.0,0.0,0.0,0.0,0.0,0.0,0.0,0.0,0.0,0.0,0.0,0.0,0.0,0.0,0.0,0.0,0.0,0.0,0.0,0.0,0.0,0.0,0.0,0.0,0.0,0.0,0.0,0.0,0,0
3982,ALLIS CHALMERS ENERGY INC.,200711,2007-11-06,10-Q,edgar/data/3982/0000950129-07-005361.txt,https://www.sec.gov/Archives/edgar/data/3982/0000950129-07-005361.txt,3982,ALLIS CHALMERS ENERGY INC.,200711,2007-11-06,10-Q,edgar/data/3982/0000950129-07-005361.txt,https://www.sec.gov/Archives/edgar/data/3982/0000950129-07-005361.txt,0.0,0.0,0.0,0.0,0.0,0.0,0.0,0.0,0.0,0.0,0.0,0.0,0.0,0.0,0.0,0.0,0.0,0.0,0.0,0.0,0.0,0.0,0.0,0.0,0.0,0.0,0.0,0.0,0.0,0.0,0.0,0.0,0.0,0.0,0.0,0.0,0.0,0.0,0.0,0.0,0.0,0.0,1,1
3982,ALLIS CHALMERS ENERGY INC.,200803,2008-03-07,10-K,edgar/data/3982/0000950129-08-001569.txt,https://www.sec.gov/Archives/edgar/data/3982/0000950129-08-001569.txt,3982,ALLIS CHALMERS ENERGY INC.,200803,2008-03-07,10-K,edgar/data/3982/0000950129-08-001569.txt,https://www.sec.gov/Archives/edgar/data/3982/0000950129-08-001569.txt,0.0,0.0,0.0,0.0,0.0,0.0,0.0,0.0,0.0,0.0,0.0,0.0,0.0,0.0,0.0,0.0,0.0,0.0,0.0,0.0,0.0,0.0,0.0,0.0,0.0,0.0,0.0,0.0,0.0,0.0,0.0,0.0,0.0,0.0,0.0,0.0,0.0,0.0,0.0,0.0,0.0,0.0,2,2
3982,ALLIS CHALMERS ENERGY INC.,200804,2008-04-29,10-K/A,edgar/data/3982/0000950129-08-002507.txt,https://www.sec.gov/Archives/edgar/data/3982/0000950129-08-002507.txt,3982,ALLIS CHALMERS ENERGY INC.,200804,2008-04-29,10-K/A,edgar/data/3982/0000950129-08-002507.txt,https://www.sec.gov/Archives/edgar/data/3982/0000950129-08-002507.txt,0.0,0.0,0.0,0.0,0.0,0.0,0.0,0.0,0.0,0.0,0.0,0.0,0.0,0.0,0.0,0.0,0.0,0.0,0.0,0.0,0.0,0.0,0.0,0.0,0.0,0.0,0.0,0.0,0.0,0.0,0.0,0.0,0.0,0.0,0.0,0.0,0.0,0.0,0.0,0.0,0.0,0.0,0,0
4447,AMERADA HESS CORP,200311,2003-11-12,10-Q,edgar/data/4447/0000950123-03-012528.txt,https://www.sec.gov/Archives/edgar/data/4447/0000950123-03-012528.txt,4447,AMERADA HESS CORP,200311,2003-11-12,10-Q,edgar/data/4447/0000950123-03-012528.txt,https://www.sec.gov/Archives/edgar/data/4447/0000950123-03-012528.txt,0.0,0.0,0.0,0.0,0.0,0.0,0.0,0.0,0.0,0.0,0.0,0.0,0.0,0.0,0.0,0.0,0.0,0.0,0.0,0.0,0.0,0.0,0.0,0.0,0.0,0.0,0.0,0.0,0.0,0.0,0.0,0.0,0.0,0.0,0.0,0.0,0.0,0.0,0.0,0.0,0.0,0.0,0,0
4447,AMERADA HESS CORP,200403,2004-03-12,10-K,edgar/data/4447/0000950123-04-003250.txt,https://www.sec.gov/Archives/edgar/data/4447/0000950123-04-003250.txt,4447,AMERADA HESS CORP,200403,2004-03-12,10-K,edgar/data/4447/0000950123-04-003250.txt,https://www.sec.gov/Archives/edgar/data/4447/0000950123-04-003250.txt,0.0,0.0,0.0,0.0,0.0,0.0,0.0,0.0,0.0,0.0,0.0,0.0,0.0,0.0,0.0,0.0,0.0,0.0,0.0,0.0,0.0,0.0,0.0,0.0,0.0,0.0,0.0,0.0,0.0,0.0,0.0,0.0,0.0,0.0,0.0,0.0,0.0,0.0,0.0,0.0,0.0,0.0,0,0
4447,AMERADA HESS CORP,200403,2004-03-15,10-K/A,edgar/data/4447/0000950123-04-003322.txt,https://www.sec.gov/Archives/edgar/data/4447/0000950123-04-003322.txt,4447,AMERADA HESS CORP,200403,2004-03-15,10-K/A,edgar/data/4447/0000950123-04-003322.txt,https://www.sec.gov/Archives/edgar/data/4447/0000950123-04-003322.txt,0.0,0.0,0.0,0.0,0.0,0.0,0.0,0.0,0.0,0.0,0.0,0.0,0.0,0.0,0.0,0.0,0.0,0.0,0.0,0.0,0.0,0.0,0.0,0.0,0.0,0.0,0.0,0.0,0.0,0.0,0.0,0.0,0.0,0.0,0.0,0.0,0.0,0.0,0.0,0.0,0.0,0.0,0,0
4447,AMERADA HESS CORP,200405,2004-05-07,10-Q,edgar/data/4447/0000950123-04-005950.txt,https://www.sec.gov/Archives/edgar/data/4447/0000950123-04-005950.txt,4447,AMERADA HESS CORP,200405,2004-05-07,10-Q,edgar/data/4447/0000950123-04-005950.txt,https://www.sec.gov/Archives/edgar/data/4447/0000950123-04-005950.txt,0.0,0.0,0.0,0.0,0.0,0.0,0.0,0.0,0.0,0.0,0.0,0.0,0.0,0.0,0.0,0.0,0.0,0.0,0.0,0.0,0.0,0.0,0.0,0.0,0.0,0.0,0.0,0.0,0.0,0.0,0.0,0.0,0.0,0.0,0.0,0.0,0.0,0.0,0.0,0.0,0.0,0.0,0,0
4447,AMERADA HESS CORP,200408,2004-08-06,10-Q,edgar/data/4447/0000950123-04-009350.txt,https://www.sec.gov/Archives/edgar/data/4447/0000950123-04-009350.txt,4447,AMERADA HESS CORP,200408,2004-08-06,10-Q,edgar/data/4447/0000950123-04-009350.txt,https://www.sec.gov/Archives/edgar/data/4447/0000950123-04-009350.txt,0.0,0.0,0.0,0.0,0.0,0.0,0.0,0.0,0.0,0.0,0.0,0.0,0.0,0.0,0.0,0.0,0.0,0.0,0.0,0.0,0.0,0.0,0.0,0.0,0.0,0.0,0.0,0.0,0.0,0.0,0.0,0.0,0.0,0.0,0.0,0.0,0.0,0.0,0.0,0.0,0.0,0.0,0,0
4447,AMERADA HESS CORP,200411,2004-11-05,10-Q,edgar/data/4447/0000950123-04-013054.txt,https://www.sec.gov/Archives/edgar/data/4447/0000950123-04-013054.txt,4447,AMERADA HESS CORP,200411,2004-11-05,10-Q,edgar/data/4447/0000950123-04-013054.txt,https://www.sec.gov/Archives/edgar/data/4447/0000950123-04-013054.txt,0.0,0.0,0.0,0.0,0.0,0.0,0.0,0.0,0.0,0.0,0.0,0.0,0.0,0.0,0.0,0.0,0.0,0.0,0.0,0.0,0.0,0.0,0.0,0.0,0.0,0.0,0.0,0.0,0.0,0.0,0.0,0.0,0.0,0.0,0.0,0.0,0.0,0.0,0.0,0.0,0.0,0.0,0,0
4447,AMERADA HESS CORP,200503,2005-03-14,10-K,edgar/data/4447/0000950123-05-003078.txt,https://www.sec.gov/Archives/edgar/data/4447/0000950123-05-003078.txt,4447,AMERADA HESS CORP,200503,2005-03-14,10-K,edgar/data/4447/0000950123-05-003078.txt,https://www.sec.gov/Archives/edgar/data/4447/0000950123-05-003078.txt,0.0,0.0,0.0,0.0,0.0,0.0,0.0,0.0,0.0,0.0,0.0,0.0,0.0,0.0,0.0,0.0,0.0,0.0,0.0,0.0,0.0,0.0,0.0,0.0,0.0,0.0,0.0,0.0,0.0,0.0,0.0,0.0,0.0,0.0,0.0,0.0,0.0,0.0,0.0,0.0,0.0,0.0,10,10
4447,AMERADA HESS CORP,200505,2005-05-06,10-Q,edgar/data/4447/0000950123-05-005767.txt,https://www.sec.gov/Archives/edgar/data/4447/0000950123-05-005767.txt,4447,AMERADA HESS CORP,200505,2005-05-06,10-Q,edgar/data/4447/0000950123-05-005767.txt,https://www.sec.gov/Archives/edgar/data/4447/0000950123-05-005767.txt,0.0,0.0,0.0,0.0,0.0,0.0,0.0,0.0,0.0,0.0,0.0,0.0,0.0,0.0,0.0,0.0,0.0,0.0,0.0,0.0,0.0,0.0,0.0,0.0,0.0,0.0,0.0,0.0,0.0,0.0,0.0,0.0,0.0,0.0,0.0,0.0,0.0,0.0,0.0,0.0,0.0,0.0,0,0
4447,AMERADA HESS CORP,200508,2005-08-05,10-Q,edgar/data/4447/0000950123-05-009475.txt,https://www.sec.gov/Archives/edgar/data/4447/0000950123-05-009475.txt,4447,AMERADA HESS CORP,200508,2005-08-05,10-Q,edgar/data/4447/0000950123-05-009475.txt,https://www.sec.gov/Archives/edgar/data/4447/0000950123-05-009475.txt,0.0,0.0,0.0,0.0,0.0,0.0,0.0,0.0,0.0,0.0,0.0,0.0,0.0,0.0,0.0,8.0,-0.9999998750000157,10.641975308641975,0.15641918020108275,4.319357795537223,809.0,5172.0,58.0,36.0,0.0,0.0015467904098994587,0.011214230471771076,0.0069605568445475635,0.0,0.0,0.0,0.0,0.0,0.0,0.0,0.0,0.0,0.0,0.0,0.0,0.0,0.0,0,0
4447,AMERADA HESS CORP,200511,2005-11-07,10-Q,edgar/data/4447/0000950123-05-013153.txt,https://www.sec.gov/Archives/edgar/data/4447/0000950123-05-013153.txt,4447,AMERADA HESS CORP,200511,2005-11-07,10-Q,edgar/data/4447/0000950123-05-013153.txt,https://www.sec.gov/Archives/edgar/data/4447/0000950123-05-013153.txt,0.0,0.0,0.0,0.0,0.0,0.0,0.0,0.0,0.0,0.0,0.0,0.0,0.0,0.0,0.0,0.0,0.0,0.0,0.0,0.0,0.0,0.0,0.0,0.0,0.0,0.0,0.0,0.0,0.0,0.0,0.0,0.0,0.0,0.0,0.0,0.0,0.0,0.0,0.0,0.0,0.0,0.0,0,0
4457,AMERCO /NV/,199911,1999-11-08,10-Q,edgar/data/4457/0000004457-99-000043.txt,https://www.sec.gov/Archives/edgar/data/4457/0000004457-99-000043.txt,4457,AMERCO /NV/,199911,1999-11-08,10-Q,edgar/data/4457/0000004457-99-000043.txt,https://www.sec.gov/Archives/edgar/data/4457/0000004457-99-000043.txt,0.0,0.0,0.0,0.0,0.0,0.0,0.0,0.0,0.0,0.0,0.0,0.0,0.0,0.0,0.0,0.0,0.0,0.0,0.0,0.0,0.0,0.0,0.0,0.0,0.0,0.0,0.0,0.0,0.0,0.0,0.0,0.0,0.0,0.0,0.0,0.0,0.0,0.0,0.0,0.0,0.0,0.0,1,1
4457,AMERCO /NV/,200002,2000-02-10,10-Q,edgar/data/4457/0000004457-00-000018.txt,https://www.sec.gov/Archives/edgar/data/4457/0000004457-00-000018.txt,4457,AMERCO /NV/,200002,2000-02-10,10-Q,edgar/data/4457/0000004457-00-000018.txt,https://www.sec.gov/Archives/edgar/data/4457/0000004457-00-000018.txt,0.0,0.0,0.0,0.0,0.0,0.0,0.0,0.0,0.0,0.0,0.0,0.0,0.0,0.0,0.0,0.0,0.0,0.0,0.0,0.0,0.0,0.0,0.0,0.0,0.0,0.0,0.0,0.0,0.0,0.0,0.0,0.0,0.0,0.0,0.0,0.0,0.0,0.0,0.0,0.0,0.0,0.0,1,1
4457,AMERCO /NV/,200006,2000-06-29,10-K,edgar/data/4457/0000004457-00-000067.txt,https://www.sec.gov/Archives/edgar/data/4457/0000004457-00-000067.txt,4457,AMERCO /NV/,200006,2000-06-29,10-K,edgar/data/4457/0000004457-00-000067.txt,https://www.sec.gov/Archives/edgar/data/4457/0000004457-00-000067.txt,0.0,0.0,0.0,0.0,0.0,0.0,0.0,0.0,0.0,0.0,0.0,0.0,0.0,0.0,0.0,0.0,0.0,0.0,0.0,0.0,0.0,0.0,0.0,0.0,0.0,0.0,0.0,0.0,0.0,0.0,0.0,0.0,0.0,0.0,0.0,0.0,0.0,0.0,0.0,0.0,0.0,0.0,7,7
4457,AMERCO /NV/,200008,2000-08-11,10-Q,edgar/data/4457/0000004457-00-000080.txt,https://www.sec.gov/Archives/edgar/data/4457/0000004457-00-000080.txt,4457,AMERCO /NV/,200008,2000-08-11,10-Q,edgar/data/4457/0000004457-00-000080.txt,https://www.sec.gov/Archives/edgar/data/4457/0000004457-00-000080.txt,0.0,0.0,0.0,0.0,0.0,0.0,0.0,0.0,0.0,0.0,0.0,0.0,0.0,0.0,0.0,0.0,0.0,0.0,0.0,0.0,0.0,0.0,0.0,0.0,0.0,0.0,0.0,0.0,0.0,0.0,0.0,0.0,0.0,0.0,0.0,0.0,0.0,0.0,0.0,0.0,0.0,0.0,1,1
4457,AMERCO /NV/,200011,2000-11-13,10-Q,edgar/data/4457/0000004457-00-000105.txt,https://www.sec.gov/Archives/edgar/data/4457/0000004457-00-000105.txt,4457,AMERCO /NV/,200011,2000-11-13,10-Q,edgar/data/4457/0000004457-00-000105.txt,https://www.sec.gov/Archives/edgar/data/4457/0000004457-00-000105.txt,0.0,0.0,0.0,0.0,0.0,0.0,0.0,0.0,0.0,0.0,0.0,0.0,0.0,0.0,0.0,0.0,0.0,0.0,0.0,0.0,0.0,0.0,0.0,0.0,0.0,0.0,0.0,0.0,0.0,0.0,0.0,0.0,0.0,0.0,0.0,0.0,0.0,0.0,0.0,0.0,0.0,0.0,1,1
4457,AMERCO /NV/,200102,2001-02-14,10-Q,edgar/data/4457/0000004457-01-500024.txt,https://www.sec.gov/Archives/edgar/data/4457/0000004457-01-500024.txt,4457,AMERCO /NV/,200102,2001-02-14,10-Q,edgar/data/4457/0000004457-01-500024.txt,https://www.sec.gov/Archives/edgar/data/4457/0000004457-01-500024.txt,0.0,0.0,0.0,0.0,0.0,0.0,0.0,0.0,0.0,0.0,0.0,0.0,0.0,0.0,0.0,0.0,0.0,0.0,0.0,0.0,0.0,0.0,0.0,0.0,0.0,0.0,0.0,0.0,0.0,0.0,0.0,0.0,0.0,0.0,0.0,0.0,0.0,0.0,0.0,0.0,0.0,0.0,1,1
4457,AMERCO /NV/,200107,2001-07-02,10-K,edgar/data/4457/0000004457-01-500063.txt,https://www.sec.gov/Archives/edgar/data/4457/0000004457-01-500063.txt,4457,AMERCO /NV/,200107,2001-07-02,10-K,edgar/data/4457/0000004457-01-500063.txt,https://www.sec.gov/Archives/edgar/data/4457/0000004457-01-500063.txt,0.0,0.0,0.0,0.0,0.0,0.0,0.0,0.0,0.0,0.0,0.0,0.0,0.0,0.0,0.0,0.0,0.0,0.0,0.0,0.0,0.0,0.0,0.0,0.0,0.0,0.0,0.0,0.0,0.0,0.0,0.0,0.0,0.0,0.0,0.0,0.0,0.0,0.0,0.0,0.0,0.0,0.0,1,1
4457,AMERCO /NV/,200107,2001-07-02,NT 10-K,edgar/data/4457/0000004457-01-500060.txt,https://www.sec.gov/Archives/edgar/data/4457/0000004457-01-500060.txt,4457,AMERCO /NV/,200107,2001-07-02,NT 10-K,edgar/data/4457/0000004457-01-500060.txt,https://www.sec.gov/Archives/edgar/data/4457/0000004457-01-500060.txt,0.0,0.0,0.0,0.0,0.0,0.0,0.0,0.0,0.0,0.0,0.0,0.0,0.0,0.0,0.0,0.0,0.0,0.0,0.0,0.0,0.0,0.0,0.0,0.0,0.0,0.0,0.0,0.0,0.0,0.0,0.0,0.0,0.0,0.0,0.0,0.0,0.0,0.0,0.0,0.0,0.0,0.0,0,0
4457,AMERCO /NV/,200108,2001-08-10,10-Q,edgar/data/4457/0000004457-01-500081.txt,https://www.sec.gov/Archives/edgar/data/4457/0000004457-01-500081.txt,4457,AMERCO /NV/,200108,2001-08-10,10-Q,edgar/data/4457/0000004457-01-500081.txt,https://www.sec.gov/Archives/edgar/data/4457/0000004457-01-500081.txt,0.0,0.0,0.0,0.0,0.0,0.0,0.0,0.0,0.0,0.0,0.0,0.0,0.0,0.0,0.0,0.0,0.0,0.0,0.0,0.0,0.0,0.0,0.0,0.0,0.0,0.0,0.0,0.0,0.0,0.0,0.0,0.0,0.0,0.0,0.0,0.0,0.0,0.0,0.0,0.0,0.0,0.0,1,1
4457,AMERCO /NV/,200108,2001-08-10,10-Q/A,edgar/data/4457/0000004457-01-500083.txt,https://www.sec.gov/Archives/edgar/data/4457/0000004457-01-500083.txt,4457,AMERCO /NV/,200108,2001-08-10,10-Q/A,edgar/data/4457/0000004457-01-500083.txt,https://www.sec.gov/Archives/edgar/data/4457/0000004457-01-500083.txt,0.0,0.0,0.0,0.0,0.0,0.0,0.0,0.0,0.0,0.0,0.0,0.0,0.0,0.0,0.0,0.0,0.0,0.0,0.0,0.0,0.0,0.0,0.0,0.0,0.0,0.0,0.0,0.0,0.0,0.0,0.0,0.0,0.0,0.0,0.0,0.0,0.0,0.0,0.0,0.0,0.0,0.0,1,1
4515,AMERICAN AIRLINES INC,200810,2008-10-16,10-Q,edgar/data/4515/0000004515-08-000073.txt,https://www.sec.gov/Archives/edgar/data/4515/0000004515-08-000073.txt,4515,AMERICAN AIRLINES INC,200810,2008-10-16,10-Q,edgar/data/4515/0000004515-08-000073.txt,https://www.sec.gov/Archives/edgar/data/4515/0000004515-08-000073.txt,0.0,0.0,0.0,0.0,0.0,0.0,0.0,0.0,0.0,0.0,0.0,0.0,0.0,0.0,0.0,0.0,0.0,0.0,0.0,0.0,0.0,0.0,0.0,0.0,0.0,0.0,0.0,0.0,0.0,0.0,0.0,0.0,0.0,0.0,0.0,0.0,0.0,0.0,0.0,0.0,0.0,0.0,0,0
4515,AMERICAN AIRLINES INC,200902,2009-02-19,10-K,edgar/data/4515/0000004515-09-000008.txt,https://www.sec.gov/Archives/edgar/data/4515/0000004515-09-000008.txt,4515,AMERICAN AIRLINES INC,200902,2009-02-19,10-K,edgar/data/4515/0000004515-09-000008.txt,https://www.sec.gov/Archives/edgar/data/4515/0000004515-09-000008.txt,0.0,0.0,0.0,0.0,0.0,0.0,0.0,0.0,0.0,0.0,0.0,0.0,0.0,0.0,0.0,0.0,0.0,0.0,0.0,0.0,0.0,0.0,0.0,0.0,0.0,0.0,0.0,0.0,0.0,0.0,0.0,0.0,0.0,0.0,0.0,0.0,0.0,0.0,0.0,0.0,0.0,0.0,2,2
4515,AMERICAN AIRLINES INC,200904,2009-04-16,10-Q,edgar/data/4515/0000004515-09-000018.txt,https://www.sec.gov/Archives/edgar/data/4515/0000004515-09-000018.txt,4515,AMERICAN AIRLINES INC,200904,2009-04-16,10-Q,edgar/data/4515/0000004515-09-000018.txt,https://www.sec.gov/Archives/edgar/data/4515/0000004515-09-000018.txt,0.0,0.0,0.0,0.0,0.0,0.0,0.0,0.0,0.0,0.0,0.0,0.0,0.0,0.0,0.0,0.0,0.0,0.0,0.0,0.0,0.0,0.0,0.0,0.0,0.0,0.0,0.0,0.0,0.0,0.0,0.0,0.0,0.0,0.0,0.0,0.0,0.0,0.0,0.0,0.0,0.0,0.0,0,0
4515,AMERICAN AIRLINES INC,200907,2009-07-15,10-Q,edgar/data/4515/0000004515-09-000029.txt,https://www.sec.gov/Archives/edgar/data/4515/0000004515-09-000029.txt,4515,AMERICAN AIRLINES INC,200907,2009-07-15,10-Q,edgar/data/4515/0000004515-09-000029.txt,https://www.sec.gov/Archives/edgar/data/4515/0000004515-09-000029.txt,0.0,0.0,0.0,0.0,0.0,0.0,0.0,0.0,0.0,0.0,0.0,0.0,0.0,0.0,0.0,0.0,0.0,0.0,0.0,0.0,0.0,0.0,0.0,0.0,0.0,0.0,0.0,0.0,0.0,0.0,0.0,0.0,0.0,0.0,0.0,0.0,0.0,0.0,0.0,0.0,0.0,0.0,0,0
4515,AMERICAN AIRLINES INC,200910,2009-10-21,10-Q,edgar/data/4515/0000004515-09-000039.txt,https://www.sec.gov/Archives/edgar/data/4515/0000004515-09-000039.txt,4515,AMERICAN AIRLINES INC,200910,2009-10-21,10-Q,edgar/data/4515/0000004515-09-000039.txt,https://www.sec.gov/Archives/edgar/data/4515/0000004515-09-000039.txt,0.0,0.0,0.0,0.0,0.0,0.0,0.0,0.0,0.0,0.0,0.0,0.0,0.0,0.0,0.0,0.0,0.0,0.0,0.0,0.0,0.0,0.0,0.0,0.0,0.0,0.0,0.0,0.0,0.0,0.0,0.0,0.0,0.0,0.0,0.0,0.0,0.0,0.0,0.0,0.0,0.0,0.0,0,0
4515,AMERICAN AIRLINES INC,200911,2009-11-06,10-Q/A,edgar/data/4515/0000004515-09-000041.txt,https://www.sec.gov/Archives/edgar/data/4515/0000004515-09-000041.txt,4515,AMERICAN AIRLINES INC,200911,2009-11-06,10-Q/A,edgar/data/4515/0000004515-09-000041.txt,https://www.sec.gov/Archives/edgar/data/4515/0000004515-09-000041.txt,0.0,0.0,0.0,0.0,0.0,0.0,0.0,0.0,0.0,0.0,0.0,0.0,0.0,0.0,0.0,0.0,0.0,0.0,0.0,0.0,0.0,0.0,0.0,0.0,0.0,0.0,0.0,0.0,0.0,0.0,0.0,0.0,0.0,0.0,0.0,0.0,0.0,0.0,0.0,0.0,0.0,0.0,0,0
4515,AMERICAN AIRLINES INC,201002,2010-02-17,10-K,edgar/data/4515/0000004515-10-000006.txt,https://www.sec.gov/Archives/edgar/data/4515/0000004515-10-000006.txt,4515,AMERICAN AIRLINES INC,201002,2010-02-17,10-K,edgar/data/4515/0000004515-10-000006.txt,https://www.sec.gov/Archives/edgar/data/4515/0000004515-10-000006.txt,0.0,0.0,0.0,0.0,0.0,0.0,0.0,0.0,0.0,0.0,0.0,0.0,0.0,0.0,0.0,0.0,0.0,0.0,0.0,0.0,0.0,0.0,0.0,0.0,0.0,0.0,0.0,0.0,0.0,0.0,0.0,0.0,0.0,0.0,0.0,0.0,0.0,0.0,0.0,0.0,0.0,0.0,0,0
4515,AMERICAN AIRLINES INC,201004,2010-04-21,10-Q,edgar/data/4515/0000004515-10-000016.txt,https://www.sec.gov/Archives/edgar/data/4515/0000004515-10-000016.txt,4515,AMERICAN AIRLINES INC,201004,2010-04-21,10-Q,edgar/data/4515/0000004515-10-000016.txt,https://www.sec.gov/Archives/edgar/data/4515/0000004515-10-000016.txt,0.0,0.0,0.0,0.0,0.0,0.0,0.0,0.0,0.0,0.0,0.0,0.0,0.0,0.0,0.0,0.0,0.0,0.0,0.0,0.0,0.0,0.0,0.0,0.0,0.0,0.0,0.0,0.0,0.0,0.0,0.0,0.0,0.0,0.0,0.0,0.0,0.0,0.0,0.0,0.0,0.0,0.0,0,0
4515,AMERICAN AIRLINES INC,201007,2010-07-21,10-Q,edgar/data/4515/0000950123-10-066865.txt,https://www.sec.gov/Archives/edgar/data/4515/0000950123-10-066865.txt,4515,AMERICAN AIRLINES INC,201007,2010-07-21,10-Q,edgar/data/4515/0000950123-10-066865.txt,https://www.sec.gov/Archives/edgar/data/4515/0000950123-10-066865.txt,0.0,0.0,0.0,0.0,0.0,0.0,0.0,0.0,0.0,0.0,0.0,0.0,0.0,0.0,0.0,0.0,0.0,0.0,0.0,0.0,0.0,0.0,0.0,0.0,0.0,0.0,0.0,0.0,0.0,0.0,0.0,0.0,0.0,0.0,0.0,0.0,0.0,0.0,0.0,0.0,0.0,0.0,0,0
4515,AMERICAN AIRLINES INC,201010,2010-10-20,10-Q,edgar/data/4515/0000950123-10-094615.txt,https://www.sec.gov/Archives/edgar/data/4515/0000950123-10-094615.txt,4515,AMERICAN AIRLINES INC,201010,2010-10-20,10-Q,edgar/data/4515/0000950123-10-094615.txt,https://www.sec.gov/Archives/edgar/data/4515/0000950123-10-094615.txt,0.0,0.0,0.0,0.0,0.0,0.0,0.0,0.0,0.0,0.0,0.0,0.0,0.0,0.0,0.0,0.0,0.0,0.0,0.0,0.0,0.0,0.0,0.0,0.0,0.0,0.0,0.0,0.0,0.0,0.0,0.0,0.0,0.0,0.0,0.0,0.0,0.0,0.0,0.0,0.0,0.0,0.0,0,0
4962,AMERICAN EXPRESS CO,201404,2014-04-29,10-Q,edgar/data/4962/0001193125-14-167067.txt,https://www.sec.gov/Archives/edgar/data/4962/0001193125-14-167067.txt,4962,AMERICAN EXPRESS CO,201404,2014-04-29,10-Q,edgar/data/4962/0001193125-14-167067.txt,https://www.sec.gov/Archives/edgar/data/4962/0001193125-14-167067.txt,0.0,0.0,0.0,0.0,0.0,0.0,0.0,0.0,0.0,0.0,0.0,0.0,0.0,0.0,0.0,0.0,0.0,0.0,0.0,0.0,0.0,0.0,0.0,0.0,0.0,0.0,0.0,0.0,0.0,0.0,0.0,0.0,0.0,0.0,0.0,0.0,0.0,0.0,0.0,0.0,0.0,0.0,2,2
4962,AMERICAN EXPRESS CO,201407,2014-07-30,10-Q,edgar/data/4962/0001193125-14-286961.txt,https://www.sec.gov/Archives/edgar/data/4962/0001193125-14-286961.txt,4962,AMERICAN EXPRESS CO,201407,2014-07-30,10-Q,edgar/data/4962/0001193125-14-286961.txt,https://www.sec.gov/Archives/edgar/data/4962/0001193125-14-286961.txt,0.0,0.0,0.0,0.0,0.0,0.0,0.0,0.0,0.0,0.0,0.0,0.0,0.0,0.0,0.0,0.0,0.0,0.0,0.0,0.0,0.0,0.0,0.0,0.0,0.0,0.0,0.0,0.0,0.0,0.0,0.0,0.0,0.0,0.0,0.0,0.0,0.0,0.0,0.0,0.0,0.0,0.0,0,0
5588,AMERICAN PAD & PAPER CO,199611,1996-11-06,10-Q,edgar/data/5588/0000930661-96-001510.txt,https://www.sec.gov/Archives/edgar/data/5588/0000930661-96-001510.txt,5588,AMERICAN PAD & PAPER CO,199611,1996-11-06,10-Q,edgar/data/5588/0000930661-96-001510.txt,https://www.sec.gov/Archives/edgar/data/5588/0000930661-96-001510.txt,0.0,0.0,0.0,0.0,0.0,0.0,0.0,0.0,0.0,0.0,0.0,0.0,0.0,0.0,0.0,0.0,0.0,0.0,0.0,0.0,0.0,0.0,0.0,0.0,0.0,0.0,0.0,0.0,0.0,0.0,0.0,0.0,0.0,0.0,0.0,0.0,0.0,0.0,0.0,0.0,0.0,0.0,0,0
5588,AMERICAN PAD & PAPER CO,199703,1997-03-31,10-K,edgar/data/5588/0000950134-97-002428.txt,https://www.sec.gov/Archives/edgar/data/5588/0000950134-97-002428.txt,5588,AMERICAN PAD & PAPER CO,199703,1997-03-31,10-K,edgar/data/5588/0000950134-97-002428.txt,https://www.sec.gov/Archives/edgar/data/5588/0000950134-97-002428.txt,0.0,0.0,0.0,0.0,0.0,0.0,0.0,0.0,0.0,0.0,0.0,0.0,0.0,0.0,0.0,0.0,0.0,0.0,0.0,0.0,0.0,0.0,0.0,0.0,0.0,0.0,0.0,0.0,0.0,0.0,0.0,0.0,0.0,0.0,0.0,0.0,0.0,0.0,0.0,0.0,0.0,0.0,4,4
5588,AMERICAN PAD & PAPER CO,199705,1997-05-15,10-Q,edgar/data/5588/0000950134-97-003934.txt,https://www.sec.gov/Archives/edgar/data/5588/0000950134-97-003934.txt,5588,AMERICAN PAD & PAPER CO,199705,1997-05-15,10-Q,edgar/data/5588/0000950134-97-003934.txt,https://www.sec.gov/Archives/edgar/data/5588/0000950134-97-003934.txt,0.0,0.0,0.0,0.0,0.0,0.0,0.0,0.0,0.0,0.0,0.0,0.0,0.0,0.0,0.0,0.0,0.0,0.0,0.0,0.0,0.0,0.0,0.0,0.0,0.0,0.0,0.0,0.0,0.0,0.0,0.0,0.0,0.0,0.0,0.0,0.0,0.0,0.0,0.0,0.0,0.0,0.0,0,0
5588,AMERICAN PAD & PAPER CO,199708,1997-08-14,10-Q,edgar/data/5588/0000950134-97-006223.txt,https://www.sec.gov/Archives/edgar/data/5588/0000950134-97-006223.txt,5588,AMERICAN PAD & PAPER CO,199708,1997-08-14,10-Q,edgar/data/5588/0000950134-97-006223.txt,https://www.sec.gov/Archives/edgar/data/5588/0000950134-97-006223.txt,0.0,0.0,0.0,0.0,0.0,0.0,0.0,0.0,0.0,0.0,0.0,0.0,0.0,0.0,0.0,0.0,0.0,0.0,0.0,0.0,0.0,0.0,0.0,0.0,0.0,0.0,0.0,0.0,0.0,0.0,0.0,0.0,0.0,0.0,0.0,0.0,0.0,0.0,0.0,0.0,0.0,0.0,0,0
5588,AMERICAN PAD & PAPER CO,199711,1997-11-14,10-Q,edgar/data/5588/0000950134-97-008577.txt,https://www.sec.gov/Archives/edgar/data/5588/0000950134-97-008577.txt,5588,AMERICAN PAD & PAPER CO,199711,1997-11-14,10-Q,edgar/data/5588/0000950134-97-008577.txt,https://www.sec.gov/Archives/edgar/data/5588/0000950134-97-008577.txt,0.0,0.0,0.0,0.0,0.0,0.0,0.0,0.0,0.0,0.0,0.0,0.0,0.0,0.0,0.0,0.0,0.0,0.0,0.0,0.0,0.0,0.0,0.0,0.0,0.0,0.0,0.0,0.0,0.0,0.0,0.0,0.0,0.0,0.0,0.0,0.0,0.0,0.0,0.0,0.0,0.0,0.0,0,0
5588,AMERICAN PAD & PAPER CO,199803,1998-03-27,10-K,edgar/data/5588/0000950134-98-002477.txt,https://www.sec.gov/Archives/edgar/data/5588/0000950134-98-002477.txt,5588,AMERICAN PAD & PAPER CO,199803,1998-03-27,10-K,edgar/data/5588/0000950134-98-002477.txt,https://www.sec.gov/Archives/edgar/data/5588/0000950134-98-002477.txt,0.0,7.0,-0.9999998571428775,7.724867724867725,0.15273972602739727,3.151042980358049,446.0,2920.0,47.0,19.0,0.0,0.002397260273972603,0.016095890410958904,0.006506849315068493,0.0,0.0,0.0,0.0,0.0,0.0,0.0,0.0,0.0,0.0,0.0,0.0,0.0,0.0,0.0,0.0,0.0,0.0,0.0,0.0,0.0,0.0,0.0,0.0,0.0,0.0,0.0,0.0,5,5
5588,AMERICAN PAD & PAPER CO,199805,1998-05-14,10-Q,edgar/data/5588/0000950134-98-004241.txt,https://www.sec.gov/Archives/edgar/data/5588/0000950134-98-004241.txt,5588,AMERICAN PAD & PAPER CO,199805,1998-05-14,10-Q,edgar/data/5588/0000950134-98-004241.txt,https://www.sec.gov/Archives/edgar/data/5588/0000950134-98-004241.txt,0.0,0.0,0.0,0.0,0.0,0.0,0.0,0.0,0.0,0.0,0.0,0.0,0.0,0.0,0.0,0.0,0.0,0.0,0.0,0.0,0.0,0.0,0.0,0.0,0.0,0.0,0.0,0.0,0.0,0.0,0.0,0.0,0.0,0.0,0.0,0.0,0.0,0.0,0.0,0.0,0.0,0.0,1,1
5588,AMERICAN PAD & PAPER CO,199808,1998-08-14,10-Q,edgar/data/5588/0000950134-98-006988.txt,https://www.sec.gov/Archives/edgar/data/5588/0000950134-98-006988.txt,5588,AMERICAN PAD & PAPER CO,199808,1998-08-14,10-Q,edgar/data/5588/0000950134-98-006988.txt,https://www.sec.gov/Archives/edgar/data/5588/0000950134-98-006988.txt,0.0,0.0,0.0,0.0,0.0,0.0,0.0,0.0,0.0,0.0,0.0,0.0,0.0,0.0,0.0,0.0,0.0,0.0,0.0,0.0,0.0,0.0,0.0,0.0,0.0,0.0,0.0,0.0,0.0,0.0,0.0,0.0,0.0,0.0,0.0,0.0,0.0,0.0,0.0,0.0,0.0,0.0,4,4
5588,AMERICAN PAD & PAPER CO,199811,1998-11-13,10-Q,edgar/data/5588/0000005588-98-000008.txt,https://www.sec.gov/Archives/edgar/data/5588/0000005588-98-000008.txt,5588,AMERICAN PAD & PAPER CO,199811,1998-11-13,10-Q,edgar/data/5588/0000005588-98-000008.txt,https://www.sec.gov/Archives/edgar/data/5588/0000005588-98-000008.txt,0.0,0.0,0.0,0.0,0.0,0.0,0.0,0.0,0.0,0.0,0.0,0.0,0.0,0.0,0.0,0.0,0.0,0.0,0.0,0.0,0.0,0.0,0.0,0.0,0.0,0.0,0.0,0.0,0.0,0.0,0.0,0.0,0.0,0.0,0.0,0.0,0.0,0.0,0.0,0.0,0.0,0.0,1,1
5588,AMERICAN PAD & PAPER CO,199811,1998-11-16,10-Q/A,edgar/data/5588/0000005588-98-000010.txt,https://www.sec.gov/Archives/edgar/data/5588/0000005588-98-000010.txt,5588,AMERICAN PAD & PAPER CO,199811,1998-11-16,10-Q/A,edgar/data/5588/0000005588-98-000010.txt,https://www.sec.gov/Archives/edgar/data/5588/0000005588-98-000010.txt,0.0,0.0,0.0,0.0,0.0,0.0,0.0,0.0,0.0,0.0,0.0,0.0,0.0,0.0,0.0,0.0,0.0,0.0,0.0,0.0,0.0,0.0,0.0,0.0,0.0,0.0,0.0,0.0,0.0,0.0,0.0,0.0,0.0,0.0,0.0,0.0,0.0,0.0,0.0,0.0,0.0,0.0,0,0
5907,AT&T CORP,199908,1999-08-13,10-Q,edgar/data/5907/0000005907-99-000027.txt,https://www.sec.gov/Archives/edgar/data/5907/0000005907-99-000027.txt,5907,AT&T CORP,199908,1999-08-13,10-Q,edgar/data/5907/0000005907-99-000027.txt,https://www.sec.gov/Archives/edgar/data/5907/0000005907-99-000027.txt,0.0,0.0,0.0,0.0,0.0,0.0,0.0,0.0,0.0,0.0,0.0,0.0,0.0,0.0,0.0,0.0,0.0,0.0,0.0,0.0,0.0,0.0,0.0,0.0,0.0,0.0,0.0,0.0,0.0,0.0,0.0,0.0,0.0,0.0,0.0,0.0,0.0,0.0,0.0,0.0,0.0,0.0,0,0
5907,AT&T CORP,199911,1999-11-15,10-Q,edgar/data/5907/0000005907-99-000037.txt,https://www.sec.gov/Archives/edgar/data/5907/0000005907-99-000037.txt,5907,AT&T CORP,199911,1999-11-15,10-Q,edgar/data/5907/0000005907-99-000037.txt,https://www.sec.gov/Archives/edgar/data/5907/0000005907-99-000037.txt,0.0,0.0,0.0,0.0,0.0,0.0,0.0,0.0,0.0,0.0,0.0,0.0,0.0,0.0,0.0,0.0,0.0,0.0,0.0,0.0,0.0,0.0,0.0,0.0,0.0,0.0,0.0,0.0,0.0,0.0,0.0,0.0,0.0,0.0,0.0,0.0,0.0,0.0,0.0,0.0,0.0,0.0,0,0
5907,AT&T CORP,200003,2000-03-27,10-K,edgar/data/5907/0000005907-00-000014.txt,https://www.sec.gov/Archives/edgar/data/5907/0000005907-00-000014.txt,5907,AT&T CORP,200003,2000-03-27,10-K,edgar/data/5907/0000005907-00-000014.txt,https://www.sec.gov/Archives/edgar/data/5907/0000005907-00-000014.txt,0.0,0.0,0.0,0.0,0.0,0.0,0.0,0.0,0.0,0.0,0.0,0.0,0.0,0.0,0.0,0.0,0.0,0.0,0.0,0.0,0.0,0.0,0.0,0.0,0.0,0.0,0.0,0.0,0.0,0.0,0.0,0.0,0.0,0.0,0.0,0.0,0.0,0.0,0.0,0.0,0.0,0.0,1,1
5907,AT&T CORP,200005,2000-05-15,10-Q,edgar/data/5907/0000005907-00-000025.txt,https://www.sec.gov/Archives/edgar/data/5907/0000005907-00-000025.txt,5907,AT&T CORP,200005,2000-05-15,10-Q,edgar/data/5907/0000005907-00-000025.txt,https://www.sec.gov/Archives/edgar/data/5907/0000005907-00-000025.txt,0.0,0.0,0.0,0.0,0.0,0.0,0.0,0.0,0.0,0.0,0.0,0.0,0.0,0.0,0.0,0.0,0.0,0.0,0.0,0.0,0.0,0.0,0.0,0.0,0.0,0.0,0.0,0.0,0.0,0.0,0.0,0.0,0.0,0.0,0.0,0.0,0.0,0.0,0.0,0.0,0.0,0.0,0,0
5907,AT&T CORP,200008,2000-08-14,10-Q,edgar/data/5907/0000005907-00-000031.txt,https://www.sec.gov/Archives/edgar/data/5907/0000005907-00-000031.txt,5907,AT&T CORP,200008,2000-08-14,10-Q,edgar/data/5907/0000005907-00-000031.txt,https://www.sec.gov/Archives/edgar/data/5907/0000005907-00-000031.txt,0.0,0.0,0.0,0.0,0.0,0.0,0.0,0.0,0.0,0.0,0.0,0.0,0.0,0.0,0.0,0.0,0.0,0.0,0.0,0.0,0.0,0.0,0.0,0.0,0.0,0.0,0.0,0.0,0.0,0.0,0.0,0.0,0.0,0.0,0.0,0.0,0.0,0.0,0.0,0.0,0.0,0.0,1,1
5907,AT&T CORP,200011,2000-11-14,10-Q,edgar/data/5907/0000005907-00-000038.txt,https://www.sec.gov/Archives/edgar/data/5907/0000005907-00-000038.txt,5907,AT&T CORP,200011,2000-11-14,10-Q,edgar/data/5907/0000005907-00-000038.txt,https://www.sec.gov/Archives/edgar/data/5907/0000005907-00-000038.txt,0.0,0.0,0.0,0.0,0.0,0.0,0.0,0.0,0.0,0.0,0.0,0.0,0.0,0.0,0.0,0.0,0.0,0.0,0.0,0.0,0.0,0.0,0.0,0.0,0.0,0.0,0.0,0.0,0.0,0.0,0.0,0.0,0.0,0.0,0.0,0.0,0.0,0.0,0.0,0.0,0.0,0.0,1,1
5907,AT&T CORP,200101,2001-01-26,10-K/A,edgar/data/5907/0000005907-01-000002.txt,https://www.sec.gov/Archives/edgar/data/5907/0000005907-01-000002.txt,5907,AT&T CORP,200101,2001-01-26,10-K/A,edgar/data/5907/0000005907-01-000002.txt,https://www.sec.gov/Archives/edgar/data/5907/0000005907-01-000002.txt,0.0,0.0,0.0,0.0,0.0,0.0,0.0,0.0,0.0,0.0,0.0,0.0,0.0,0.0,0.0,0.0,0.0,0.0,0.0,0.0,0.0,0.0,0.0,0.0,0.0,0.0,0.0,0.0,0.0,0.0,0.0,0.0,0.0,0.0,0.0,0.0,0.0,0.0,0.0,0.0,0.0,0.0,3,3
5907,AT&T CORP,200104,2001-04-02,10-K405,edgar/data/5907/0000005907-01-000012.txt,https://www.sec.gov/Archives/edgar/data/5907/0000005907-01-000012.txt,5907,AT&T CORP,200104,2001-04-02,10-K405,edgar/data/5907/0000005907-01-000012.txt,https://www.sec.gov/Archives/edgar/data/5907/0000005907-01-000012.txt,0.0,0.0,0.0,0.0,0.0,0.0,0.0,0.0,0.0,0.0,0.0,0.0,0.0,0.0,0.0,0.0,0.0,0.0,0.0,0.0,0.0,0.0,0.0,0.0,0.0,0.0,0.0,0.0,0.0,0.0,0.0,0.0,0.0,0.0,0.0,0.0,0.0,0.0,0.0,0.0,0.0,0.0,3,3
5907,AT&T CORP,200104,2001-04-17,10-K405/A,edgar/data/5907/0000005907-01-000015.txt,https://www.sec.gov/Archives/edgar/data/5907/0000005907-01-000015.txt,5907,AT&T CORP,200104,2001-04-17,10-K405/A,edgar/data/5907/0000005907-01-000015.txt,https://www.sec.gov/Archives/edgar/data/5907/0000005907-01-000015.txt,0.0,0.0,0.0,0.0,0.0,0.0,0.0,0.0,0.0,0.0,0.0,0.0,0.0,0.0,0.0,0.0,0.0,0.0,0.0,0.0,0.0,0.0,0.0,0.0,0.0,0.0,0.0,0.0,0.0,0.0,0.0,0.0,0.0,0.0,0.0,0.0,0.0,0.0,0.0,0.0,0.0,0.0,3,3
5907,AT&T CORP,200105,2001-05-15,10-Q,edgar/data/5907/0000950123-01-502538.txt,https://www.sec.gov/Archives/edgar/data/5907/0000950123-01-502538.txt,5907,AT&T CORP,200105,2001-05-15,10-Q,edgar/data/5907/0000950123-01-502538.txt,https://www.sec.gov/Archives/edgar/data/5907/0000950123-01-502538.txt,0.0,0.0,0.0,0.0,0.0,0.0,0.0,0.0,0.0,0.0,0.0,0.0,0.0,0.0,0.0,0.0,0.0,0.0,0.0,0.0,0.0,0.0,0.0,0.0,0.0,0.0,0.0,0.0,0.0,0.0,0.0,0.0,0.0,0.0,0.0,0.0,0.0,0.0,0.0,0.0,0.0,0.0,2,2
5907,AT&T CORP,200107,2001-07-03,10-Q/A,edgar/data/5907/0000950123-01-504075.txt,https://www.sec.gov/Archives/edgar/data/5907/0000950123-01-504075.txt,5907,AT&T CORP,200107,2001-07-03,10-Q/A,edgar/data/5907/0000950123-01-504075.txt,https://www.sec.gov/Archives/edgar/data/5907/0000950123-01-504075.txt,0.0,0.0,0.0,0.0,0.0,0.0,0.0,0.0,0.0,0.0,0.0,0.0,0.0,0.0,0.0,0.0,0.0,0.0,0.0,0.0,0.0,0.0,0.0,0.0,0.0,0.0,0.0,0.0,0.0,0.0,0.0,0.0,0.0,0.0,0.0,0.0,0.0,0.0,0.0,0.0,0.0,0.0,2,2
5907,AT&T CORP,200108,2001-08-10,10-Q/A,edgar/data/5907/0000950123-01-505366.txt,https://www.sec.gov/Archives/edgar/data/5907/0000950123-01-505366.txt,5907,AT&T CORP,200108,2001-08-10,10-Q/A,edgar/data/5907/0000950123-01-505366.txt,https://www.sec.gov/Archives/edgar/data/5907/0000950123-01-505366.txt,0.0,0.0,0.0,0.0,0.0,0.0,0.0,0.0,0.0,0.0,0.0,0.0,0.0,0.0,0.0,0.0,0.0,0.0,0.0,0.0,0.0,0.0,0.0,0.0,0.0,0.0,0.0,0.0,0.0,0.0,0.0,0.0,0.0,0.0,0.0,0.0,0.0,0.0,0.0,0.0,0.0,0.0,1,1
5907,AT&T CORP,200108,2001-08-14,10-Q,edgar/data/5907/0000950123-01-505598.txt,https://www.sec.gov/Archives/edgar/data/5907/0000950123-01-505598.txt,5907,AT&T CORP,200108,2001-08-14,10-Q,edgar/data/5907/0000950123-01-505598.txt,https://www.sec.gov/Archives/edgar/data/5907/0000950123-01-505598.txt,0.0,0.0,0.0,0.0,0.0,0.0,0.0,0.0,0.0,0.0,0.0,0.0,0.0,0.0,0.0,0.0,0.0,0.0,0.0,0.0,0.0,0.0,0.0,0.0,0.0,0.0,0.0,0.0,0.0,0.0,0.0,0.0,0.0,0.0,0.0,0.0,0.0,0.0,0.0,0.0,0.0,0.0,0,0
6071,AMES DEPARTMENT STORES INC,199809,1998-09-02,10-Q,edgar/data/6071/0000006071-98-000023.txt,https://www.sec.gov/Archives/edgar/data/6071/0000006071-98-000023.txt,6071,AMES DEPARTMENT STORES INC,199809,1998-09-02,10-Q,edgar/data/6071/0000006071-98-000023.txt,https://www.sec.gov/Archives/edgar/data/6071/0000006071-98-000023.txt,0.0,0.0,0.0,0.0,0.0,0.0,0.0,0.0,0.0,0.0,0.0,0.0,0.0,0.0,0.0,0.0,0.0,0.0,0.0,0.0,0.0,0.0,0.0,0.0,0.0,0.0,0.0,0.0,0.0,0.0,0.0,0.0,0.0,0.0,0.0,0.0,0.0,0.0,0.0,0.0,0.0,0.0,0,0
6071,AMES DEPARTMENT STORES INC,199812,1998-12-10,10-Q,edgar/data/6071/0000006071-98-000026.txt,https://www.sec.gov/Archives/edgar/data/6071/0000006071-98-000026.txt,6071,AMES DEPARTMENT STORES INC,199812,1998-12-10,10-Q,edgar/data/6071/0000006071-98-000026.txt,https://www.sec.gov/Archives/edgar/data/6071/0000006071-98-000026.txt,0.0,0.0,0.0,0.0,0.0,0.0,0.0,0.0,0.0,0.0,0.0,0.0,0.0,0.0,0.0,0.0,0.0,0.0,0.0,0.0,0.0,0.0,0.0,0.0,0.0,0.0,0.0,0.0,0.0,0.0,0.0,0.0,0.0,0.0,0.0,0.0,0.0,0.0,0.0,0.0,0.0,0.0,0,0
6071,AMES DEPARTMENT STORES INC,199904,1999-04-05,10-K,edgar/data/6071/0000889812-99-001116.txt,https://www.sec.gov/Archives/edgar/data/6071/0000889812-99-001116.txt,6071,AMES DEPARTMENT STORES INC,199904,1999-04-05,10-K,edgar/data/6071/0000889812-99-001116.txt,https://www.sec.gov/Archives/edgar/data/6071/0000889812-99-001116.txt,4.0,12.0,-0.4999999687500019,11.508833922261484,0.12972060178077985,4.655421809616906,845.0,6514.0,86.0,33.0,0.0006140620202640467,0.00184218606079214,0.013202333435677003,0.005066011667178385,0.0,0.0,0.0,0.0,0.0,0.0,0.0,0.0,0.0,0.0,0.0,0.0,0.0,0.0,0.0,0.0,0.0,0.0,0.0,0.0,0.0,0.0,0.0,0.0,0.0,0.0,0.0,0.0,6,6
6071,AMES DEPARTMENT STORES INC,199906,1999-06-15,10-Q,edgar/data/6071/0000006071-99-000013.txt,https://www.sec.gov/Archives/edgar/data/6071/0000006071-99-000013.txt,6071,AMES DEPARTMENT STORES INC,199906,1999-06-15,10-Q,edgar/data/6071/0000006071-99-000013.txt,https://www.sec.gov/Archives/edgar/data/6071/0000006071-99-000013.txt,0.0,0.0,0.0,0.0,0.0,0.0,0.0,0.0,0.0,0.0,0.0,0.0,0.0,0.0,0.0,0.0,0.0,0.0,0.0,0.0,0.0,0.0,0.0,0.0,0.0,0.0,0.0,0.0,0.0,0.0,0.0,0.0,0.0,0.0,0.0,0.0,0.0,0.0,0.0,0.0,0.0,0.0,0,0
6071,AMES DEPARTMENT STORES INC,199909,1999-09-14,10-Q,edgar/data/6071/0000006071-99-000015.txt,https://www.sec.gov/Archives/edgar/data/6071/0000006071-99-000015.txt,6071,AMES DEPARTMENT STORES INC,199909,1999-09-14,10-Q,edgar/data/6071/0000006071-99-000015.txt,https://www.sec.gov/Archives/edgar/data/6071/0000006071-99-000015.txt,0.0,0.0,0.0,0.0,0.0,0.0,0.0,0.0,0.0,0.0,0.0,0.0,0.0,0.0,0.0,0.0,0.0,0.0,0.0,0.0,0.0,0.0,0.0,0.0,0.0,0.0,0.0,0.0,0.0,0.0,0.0,0.0,0.0,0.0,0.0,0.0,0.0,0.0,0.0,0.0,0.0,0.0,0,0
6071,AMES DEPARTMENT STORES INC,199912,1999-12-14,10-Q,edgar/data/6071/0000006071-99-000017.txt,https://www.sec.gov/Archives/edgar/data/6071/0000006071-99-000017.txt,6071,AMES DEPARTMENT STORES INC,199912,1999-12-14,10-Q,edgar/data/6071/0000006071-99-000017.txt,https://www.sec.gov/Archives/edgar/data/6071/0000006071-99-000017.txt,0.0,0.0,0.0,0.0,0.0,0.0,0.0,0.0,0.0,0.0,0.0,0.0,0.0,0.0,0.0,0.0,0.0,0.0,0.0,0.0,0.0,0.0,0.0,0.0,0.0,0.0,0.0,0.0,0.0,0.0,0.0,0.0,0.0,0.0,0.0,0.0,0.0,0.0,0.0,0.0,0.0,0.0,0,0
6071,AMES DEPARTMENT STORES INC,200004,2000-04-11,10-K,edgar/data/6071/0000006071-00-000002.txt,https://www.sec.gov/Archives/edgar/data/6071/0000006071-00-000002.txt,6071,AMES DEPARTMENT STORES INC,200004,2000-04-11,10-K,edgar/data/6071/0000006071-00-000002.txt,https://www.sec.gov/Archives/edgar/data/6071/0000006071-00-000002.txt,0.0,0.0,0.0,0.0,0.0,0.0,0.0,0.0,0.0,0.0,0.0,0.0,0.0,0.0,0.0,0.0,0.0,0.0,0.0,0.0,0.0,0.0,0.0,0.0,0.0,0.0,0.0,0.0,0.0,0.0,0.0,0.0,0.0,0.0,0.0,0.0,0.0,0.0,0.0,0.0,0.0,0.0,0,0
6071,AMES DEPARTMENT STORES INC,200006,2000-06-13,10-Q,edgar/data/6071/0000006071-00-000011.txt,https://www.sec.gov/Archives/edgar/data/6071/0000006071-00-000011.txt,6071,AMES DEPARTMENT STORES INC,200006,2000-06-13,10-Q,edgar/data/6071/0000006071-00-000011.txt,https://www.sec.gov/Archives/edgar/data/6071/0000006071-00-000011.txt,0.0,0.0,0.0,0.0,0.0,0.0,0.0,0.0,0.0,0.0,0.0,0.0,0.0,0.0,0.0,0.0,0.0,0.0,0.0,0.0,0.0,0.0,0.0,0.0,0.0,0.0,0.0,0.0,0.0,0.0,0.0,0.0,0.0,0.0,0.0,0.0,0.0,0.0,0.0,0.0,0.0,0.0,0,0
6201,AMR CORP,199908,1999-08-16,10-Q,edgar/data/6201/0000006201-99-000023.txt,https://www.sec.gov/Archives/edgar/data/6201/0000006201-99-000023.txt,6201,AMR CORP,199908,1999-08-16,10-Q,edgar/data/6201/0000006201-99-000023.txt,https://www.sec.gov/Archives/edgar/data/6201/0000006201-99-000023.txt,0.0,0.0,0.0,0.0,0.0,0.0,0.0,0.0,0.0,0.0,0.0,0.0,0.0,0.0,0.0,0.0,0.0,0.0,0.0,0.0,0.0,0.0,0.0,0.0,0.0,0.0,0.0,0.0,0.0,0.0,0.0,0.0,0.0,0.0,0.0,0.0,0.0,0.0,0.0,0.0,0.0,0.0,0,0
6201,AMR CORP,199911,1999-11-05,10-Q,edgar/data/6201/0000006201-99-000028.txt,https://www.sec.gov/Archives/edgar/data/6201/0000006201-99-000028.txt,6201,AMR CORP,199911,1999-11-05,10-Q,edgar/data/6201/0000006201-99-000028.txt,https://www.sec.gov/Archives/edgar/data/6201/0000006201-99-000028.txt,0.0,0.0,0.0,0.0,0.0,0.0,0.0,0.0,0.0,0.0,0.0,0.0,0.0,0.0,0.0,0.0,0.0,0.0,0.0,0.0,0.0,0.0,0.0,0.0,0.0,0.0,0.0,0.0,0.0,0.0,0.0,0.0,0.0,0.0,0.0,0.0,0.0,0.0,0.0,0.0,0.0,0.0,0,0
6201,AMR CORP,200003,2000-03-27,10-K405,edgar/data/6201/0000950134-00-002454.txt,https://www.sec.gov/Archives/edgar/data/6201/0000950134-00-002454.txt,6201,AMR CORP,200003,2000-03-27,10-K405,edgar/data/6201/0000950134-00-002454.txt,https://www.sec.gov/Archives/edgar/data/6201/0000950134-00-002454.txt,0.0,93.0,-0.9999999892473119,10.14119922630561,0.1625023841312226,4.121480644174733,1704.0,10486.0,246.0,106.0,0.0,0.008868968148006867,0.02345985123021171,0.010108716383749761,0.0,0.0,0.0,0.0,0.0,0.0,0.0,0.0,0.0,0.0,0.0,0.0,0.0,0.0,0.0,0.0,0.0,0.0,0.0,0.0,0.0,0.0,0.0,0.0,0.0,0.0,0.0,0.0,4,4
6201,AMR CORP,200005,2000-05-11,10-Q,edgar/data/6201/0000006201-00-000009.txt,https://www.sec.gov/Archives/edgar/data/6201/0000006201-00-000009.txt,6201,AMR CORP,200005,2000-05-11,10-Q,edgar/data/6201/0000006201-00-000009.txt,https://www.sec.gov/Archives/edgar/data/6201/0000006201-00-000009.txt,0.0,0.0,0.0,0.0,0.0,0.0,0.0,0.0,0.0,0.0,0.0,0.0,0.0,0.0,0.0,0.0,0.0,0.0,0.0,0.0,0.0,0.0,0.0,0.0,0.0,0.0,0.0,0.0,0.0,0.0,0.0,0.0,0.0,0.0,0.0,0.0,0.0,0.0,0.0,0.0,0.0,0.0,0,0
6201,AMR CORP,200007,2000-07-28,10-Q,edgar/data/6201/0000950134-00-006067.txt,https://www.sec.gov/Archives/edgar/data/6201/0000950134-00-006067.txt,6201,AMR CORP,200007,2000-07-28,10-Q,edgar/data/6201/0000950134-00-006067.txt,https://www.sec.gov/Archives/edgar/data/6201/0000950134-00-006067.txt,0.0,0.0,0.0,0.0,0.0,0.0,0.0,0.0,0.0,0.0,0.0,0.0,0.0,0.0,0.0,0.0,0.0,0.0,0.0,0.0,0.0,0.0,0.0,0.0,0.0,0.0,0.0,0.0,0.0,0.0,0.0,0.0,0.0,0.0,0.0,0.0,0.0,0.0,0.0,0.0,0.0,0.0,0,0
6201,AMR CORP,200010,2000-10-26,10-Q,edgar/data/6201/0000006201-00-000017.txt,https://www.sec.gov/Archives/edgar/data/6201/0000006201-00-000017.txt,6201,AMR CORP,200010,2000-10-26,10-Q,edgar/data/6201/0000006201-00-000017.txt,https://www.sec.gov/Archives/edgar/data/6201/0000006201-00-000017.txt,0.0,0.0,0.0,0.0,0.0,0.0,0.0,0.0,0.0,0.0,0.0,0.0,0.0,0.0,0.0,0.0,0.0,0.0,0.0,0.0,0.0,0.0,0.0,0.0,0.0,0.0,0.0,0.0,0.0,0.0,0.0,0.0,0.0,0.0,0.0,0.0,0.0,0.0,0.0,0.0,0.0,0.0,0,0
6201,AMR CORP,200103,2001-03-22,10-K405,edgar/data/6201/0000950134-01-002483.txt,https://www.sec.gov/Archives/edgar/data/6201/0000950134-01-002483.txt,6201,AMR CORP,200103,2001-03-22,10-K405,edgar/data/6201/0000950134-01-002483.txt,https://www.sec.gov/Archives/edgar/data/6201/0000950134-01-002483.txt,0.0,0.0,0.0,0.0,0.0,0.0,0.0,0.0,0.0,0.0,0.0,0.0,0.0,0.0,0.0,0.0,0.0,0.0,0.0,0.0,0.0,0.0,0.0,0.0,0.0,0.0,0.0,0.0,0.0,0.0,0.0,0.0,0.0,0.0,0.0,0.0,0.0,0.0,0.0,0.0,0.0,0.0,25,25
6201,AMR CORP,200104,2001-04-24,10-Q,edgar/data/6201/0000950134-01-500665.txt,https://www.sec.gov/Archives/edgar/data/6201/0000950134-01-500665.txt,6201,AMR CORP,200104,2001-04-24,10-Q,edgar/data/6201/0000950134-01-500665.txt,https://www.sec.gov/Archives/edgar/data/6201/0000950134-01-500665.txt,0.0,16.0,-0.9999999375000038,10.764044943820224,0.15083507306889352,4.365952006755648,289.0,1916.0,45.0,21.0,0.0,0.008350730688935281,0.02348643006263048,0.010960334029227558,0.0,0.0,0.0,0.0,0.0,0.0,0.0,0.0,0.0,0.0,0.0,0.0,0.0,0.0,0.0,0.0,0.0,0.0,0.0,0.0,0.0,0.0,0.0,0.0,0.0,0.0,0.0,0.0,0,0
6201,AMR CORP,200108,2001-08-13,10-Q,edgar/data/6201/0000006201-01-500032.txt,https://www.sec.gov/Archives/edgar/data/6201/0000006201-01-500032.txt,6201,AMR CORP,200108,2001-08-13,10-Q,edgar/data/6201/0000006201-01-500032.txt,https://www.sec.gov/Archives/edgar/data/6201/0000006201-01-500032.txt,0.0,0.0,0.0,0.0,0.0,0.0,0.0,0.0,0.0,0.0,0.0,0.0,0.0,0.0,0.0,0.0,0.0,0.0,0.0,0.0,0.0,0.0,0.0,0.0,0.0,0.0,0.0,0.0,0.0,0.0,0.0,0.0,0.0,0.0,0.0,0.0,0.0,0.0,0.0,0.0,0.0,0.0,0,0
6201,AMR CORP,200110,2001-10-25,10-Q,edgar/data/6201/0000006201-01-500047.txt,https://www.sec.gov/Archives/edgar/data/6201/0000006201-01-500047.txt,6201,AMR CORP,200110,2001-10-25,10-Q,edgar/data/6201/0000006201-01-500047.txt,https://www.sec.gov/Archives/edgar/data/6201/0000006201-01-500047.txt,0.0,0.0,0.0,0.0,0.0,0.0,0.0,0.0,0.0,0.0,0.0,0.0,0.0,0.0,0.0,0.0,0.0,0.0,0.0,0.0,0.0,0.0,0.0,0.0,0.0,0.0,0.0,0.0,0.0,0.0,0.0,0.0,0.0,0.0,0.0,0.0,0.0,0.0,0.0,0.0,0.0,0.0,0,0
6201,AMR CORP,200202,2002-02-28,10-K405,edgar/data/6201/0000950134-02-001661.txt,https://www.sec.gov/Archives/edgar/data/6201/0000950134-02-001661.txt,6201,AMR CORP,200202,2002-02-28,10-K405,edgar/data/6201/0000950134-02-001661.txt,https://www.sec.gov/Archives/edgar/data/6201/0000950134-02-001661.txt,0.0,0.0,0.0,0.0,0.0,0.0,0.0,0.0,0.0,0.0,0.0,0.0,0.0,0.0,0.0,0.0,0.0,0.0,0.0,0.0,0.0,0.0,0.0,0.0,0.0,0.0,0.0,0.0,0.0,0.0,0.0,0.0,0.0,0.0,0.0,0.0,0.0,0.0,0.0,0.0,0.0,0.0,6,6
6201,AMR CORP,200204,2002-04-18,10-Q,edgar/data/6201/0000006201-02-000015.txt,https://www.sec.gov/Archives/edgar/data/6201/0000006201-02-000015.txt,6201,AMR CORP,200204,2002-04-18,10-Q,edgar/data/6201/0000006201-02-000015.txt,https://www.sec.gov/Archives/edgar/data/6201/0000006201-02-000015.txt,0.0,0.0,0.0,0.0,0.0,0.0,0.0,0.0,0.0,0.0,0.0,0.0,0.0,0.0,0.0,0.0,0.0,0.0,0.0,0.0,0.0,0.0,0.0,0.0,0.0,0.0,0.0,0.0,0.0,0.0,0.0,0.0,0.0,0.0,0.0,0.0,0.0,0.0,0.0,0.0,0.0,0.0,0,0
6201,AMR CORP,200207,2002-07-19,10-Q,edgar/data/6201/0000006201-02-000035.txt,https://www.sec.gov/Archives/edgar/data/6201/0000006201-02-000035.txt,6201,AMR CORP,200207,2002-07-19,10-Q,edgar/data/6201/0000006201-02-000035.txt,https://www.sec.gov/Archives/edgar/data/6201/0000006201-02-000035.txt,0.0,0.0,0.0,0.0,0.0,0.0,0.0,0.0,0.0,0.0,0.0,0.0,0.0,0.0,0.0,0.0,0.0,0.0,0.0,0.0,0.0,0.0,0.0,0.0,0.0,0.0,0.0,0.0,0.0,0.0,0.0,0.0,0.0,0.0,0.0,0.0,0.0,0.0,0.0,0.0,0.0,0.0,0,0
6201,AMR CORP,200210,2002-10-18,10-Q,edgar/data/6201/0000006201-02-000052.txt,https://www.sec.gov/Archives/edgar/data/6201/0000006201-02-000052.txt,6201,AMR CORP,200210,2002-10-18,10-Q,edgar/data/6201/0000006201-02-000052.txt,https://www.sec.gov/Archives/edgar/data/6201/0000006201-02-000052.txt,0.0,0.0,0.0,0.0,0.0,0.0,0.0,0.0,0.0,0.0,0.0,0.0,0.0,0.0,0.0,0.0,0.0,0.0,0.0,0.0,0.0,0.0,0.0,0.0,0.0,0.0,0.0,0.0,0.0,0.0,0.0,0.0,0.0,0.0,0.0,0.0,0.0,0.0,0.0,0.0,0.0,0.0,0,0
6201,AMR CORP,200210,2002-10-18,10-Q/A,edgar/data/6201/0000950134-02-012680.txt,https://www.sec.gov/Archives/edgar/data/6201/0000950134-02-012680.txt,6201,AMR CORP,200210,2002-10-18,10-Q/A,edgar/data/6201/0000950134-02-012680.txt,https://www.sec.gov/Archives/edgar/data/6201/0000950134-02-012680.txt,0.0,8.0,-0.9999998750000157,11.516483516483516,0.14551526717557253,4.6647995134636355,305.0,2096.0,37.0,19.0,0.0,0.003816793893129771,0.017652671755725192,0.009064885496183206,0.0,1.0,-0.9999990000010001,14.729166666666666,0.16407355021216408,5.9572960867515325,116.0,707.0,13.0,13.0,0.0,0.0014144271570014145,0.018387553041018388,0.018387553041018388,0.0,0.0,0.0,0.0,0.0,0.0,0.0,0.0,0.0,0.0,0.0,0.0,0.0,0.0,0,0
6201,AMR CORP,200210,2002-10-18,10-Q/A,edgar/data/6201/0000950134-02-012682.txt,https://www.sec.gov/Archives/edgar/data/6201/0000950134-02-012682.txt,6201,AMR CORP,200210,2002-10-18,10-Q/A,edgar/data/6201/0000950134-02-012682.txt,https://www.sec.gov/Archives/edgar/data/6201/0000950134-02-012682.txt,0.0,10.0,-0.99999990000001,10.54380664652568,0.1318051575931232,4.270244721647521,460.0,3490.0,46.0,27.0,0.0,0.0028653295128939827,0.013180515759312322,0.007736389684813753,0.0,1.0,-0.9999990000010001,12.5,0.13872340425531915,5.055489361702128,163.0,1175.0,17.0,17.0,0.0,0.000851063829787234,0.01446808510638298,0.01446808510638298,0.0,0.0,0.0,0.0,0.0,0.0,0.0,0.0,0.0,0.0,0.0,0.0,0.0,0.0,0,0
6201,AMR CORP,200304,2003-04-01,NT 10-K,edgar/data/6201/0000006201-03-000012.txt,https://www.sec.gov/Archives/edgar/data/6201/0000006201-03-000012.txt,6201,AMR CORP,200304,2003-04-01,NT 10-K,edgar/data/6201/0000006201-03-000012.txt,https://www.sec.gov/Archives/edgar/data/6201/0000006201-03-000012.txt,0.0,0.0,0.0,0.0,0.0,0.0,0.0,0.0,0.0,0.0,0.0,0.0,0.0,0.0,0.0,0.0,0.0,0.0,0.0,0.0,0.0,0.0,0.0,0.0,0.0,0.0,0.0,0.0,0.0,0.0,0.0,0.0,0.0,0.0,0.0,0.0,0.0,0.0,0.0,0.0,0.0,0.0,0,0
6201,AMR CORP,200304,2003-04-15,10-K,edgar/data/6201/0001047469-03-013301.txt,https://www.sec.gov/Archives/edgar/data/6201/0001047469-03-013301.txt,6201,AMR CORP,200304,2003-04-15,10-K,edgar/data/6201/0001047469-03-013301.txt,https://www.sec.gov/Archives/edgar/data/6201/0001047469-03-013301.txt,0.0,150.0,-0.9999999933333334,12.574642126789366,0.1655011655011655,5.096057316916212,3053.0,18447.0,422.0,272.0,0.0,0.00813140348024069,0.022876348457743806,0.014744944977503118,0.0,0.0,0.0,0.0,0.0,0.0,0.0,0.0,0.0,0.0,0.0,0.0,0.0,0.0,0.0,0.0,0.0,0.0,0.0,0.0,0.0,0.0,0.0,0.0,0.0,0.0,0.0,0.0,0,0
6201,AMR CORP,200305,2003-05-15,10-Q,edgar/data/6201/0000006201-03-000030.txt,https://www.sec.gov/Archives/edgar/data/6201/0000006201-03-000030.txt,6201,AMR CORP,200305,2003-05-15,10-Q,edgar/data/6201/0000006201-03-000030.txt,https://www.sec.gov/Archives/edgar/data/6201/0000006201-03-000030.txt,0.0,0.0,0.0,0.0,0.0,0.0,0.0,0.0,0.0,0.0,0.0,0.0,0.0,0.0,0.0,0.0,0.0,0.0,0.0,0.0,0.0,0.0,0.0,0.0,0.0,0.0,0.0,0.0,0.0,0.0,0.0,0.0,0.0,0.0,0.0,0.0,0.0,0.0,0.0,0.0,0.0,0.0,0,0
6201,AMR CORP,200307,2003-07-18,10-Q,edgar/data/6201/0000006201-03-000045.txt,https://www.sec.gov/Archives/edgar/data/6201/0000006201-03-000045.txt,6201,AMR CORP,200307,2003-07-18,10-Q,edgar/data/6201/0000006201-03-000045.txt,https://www.sec.gov/Archives/edgar/data/6201/0000006201-03-000045.txt,0.0,0.0,0.0,0.0,0.0,0.0,0.0,0.0,0.0,0.0,0.0,0.0,0.0,0.0,0.0,0.0,0.0,0.0,0.0,0.0,0.0,0.0,0.0,0.0,0.0,0.0,0.0,0.0,0.0,0.0,0.0,0.0,0.0,0.0,0.0,0.0,0.0,0.0,0.0,0.0,0.0,0.0,0,0
6201,AMR CORP,200810,2008-10-16,10-Q,edgar/data/6201/0000006201-08-000060.txt,https://www.sec.gov/Archives/edgar/data/6201/0000006201-08-000060.txt,6201,AMR CORP,200810,2008-10-16,10-Q,edgar/data/6201/0000006201-08-000060.txt,https://www.sec.gov/Archives/edgar/data/6201/0000006201-08-000060.txt,0.0,0.0,0.0,0.0,0.0,0.0,0.0,0.0,0.0,0.0,0.0,0.0,0.0,0.0,0.0,0.0,0.0,0.0,0.0,0.0,0.0,0.0,0.0,0.0,0.0,0.0,0.0,0.0,0.0,0.0,0.0,0.0,0.0,0.0,0.0,0.0,0.0,0.0,0.0,0.0,0.0,0.0,0,0
6201,AMR CORP,200902,2009-02-19,10-K,edgar/data/6201/0000006201-09-000009.txt,https://www.sec.gov/Archives/edgar/data/6201/0000006201-09-000009.txt,6201,AMR CORP,200902,2009-02-19,10-K,edgar/data/6201/0000006201-09-000009.txt,https://www.sec.gov/Archives/edgar/data/6201/0000006201-09-000009.txt,0.0,0.0,0.0,0.0,0.0,0.0,0.0,0.0,0.0,0.0,0.0,0.0,0.0,0.0,0.0,0.0,0.0,0.0,0.0,0.0,0.0,0.0,0.0,0.0,0.0,0.0,0.0,0.0,0.0,0.0,0.0,0.0,0.0,0.0,0.0,0.0,0.0,0.0,0.0,0.0,0.0,0.0,2,2
6201,AMR CORP,200904,2009-04-16,10-Q,edgar/data/6201/0000006201-09-000016.txt,https://www.sec.gov/Archives/edgar/data/6201/0000006201-09-000016.txt,6201,AMR CORP,200904,2009-04-16,10-Q,edgar/data/6201/0000006201-09-000016.txt,https://www.sec.gov/Archives/edgar/data/6201/0000006201-09-000016.txt,0.0,0.0,0.0,0.0,0.0,0.0,0.0,0.0,0.0,0.0,0.0,0.0,0.0,0.0,0.0,0.0,0.0,0.0,0.0,0.0,0.0,0.0,0.0,0.0,0.0,0.0,0.0,0.0,0.0,0.0,0.0,0.0,0.0,0.0,0.0,0.0,0.0,0.0,0.0,0.0,0.0,0.0,0,0
6201,AMR CORP,200907,2009-07-15,10-Q,edgar/data/6201/0000006201-09-000029.txt,https://www.sec.gov/Archives/edgar/data/6201/0000006201-09-000029.txt,6201,AMR CORP,200907,2009-07-15,10-Q,edgar/data/6201/0000006201-09-000029.txt,https://www.sec.gov/Archives/edgar/data/6201/0000006201-09-000029.txt,0.0,0.0,0.0,0.0,0.0,0.0,0.0,0.0,0.0,0.0,0.0,0.0,0.0,0.0,0.0,0.0,0.0,0.0,0.0,0.0,0.0,0.0,0.0,0.0,0.0,0.0,0.0,0.0,0.0,0.0,0.0,0.0,0.0,0.0,0.0,0.0,0.0,0.0,0.0,0.0,0.0,0.0,0,0
6201,AMR CORP,200910,2009-10-21,10-Q,edgar/data/6201/0000006201-09-000038.txt,https://www.sec.gov/Archives/edgar/data/6201/0000006201-09-000038.txt,6201,AMR CORP,200910,2009-10-21,10-Q,edgar/data/6201/0000006201-09-000038.txt,https://www.sec.gov/Archives/edgar/data/6201/0000006201-09-000038.txt,0.0,0.0,0.0,0.0,0.0,0.0,0.0,0.0,0.0,0.0,0.0,0.0,0.0,0.0,0.0,0.0,0.0,0.0,0.0,0.0,0.0,0.0,0.0,0.0,0.0,0.0,0.0,0.0,0.0,0.0,0.0,0.0,0.0,0.0,0.0,0.0,0.0,0.0,0.0,0.0,0.0,0.0,0,0
6201,AMR CORP,200911,2009-11-06,10-Q/A,edgar/data/6201/0000006201-09-000040.txt,https://www.sec.gov/Archives/edgar/data/6201/0000006201-09-000040.txt,6201,AMR CORP,200911,2009-11-06,10-Q/A,edgar/data/6201/0000006201-09-000040.txt,https://www.sec.gov/Archives/edgar/data/6201/0000006201-09-000040.txt,0.0,0.0,0.0,0.0,0.0,0.0,0.0,0.0,0.0,0.0,0.0,0.0,0.0,0.0,0.0,0.0,0.0,0.0,0.0,0.0,0.0,0.0,0.0,0.0,0.0,0.0,0.0,0.0,0.0,0.0,0.0,0.0,0.0,0.0,0.0,0.0,0.0,0.0,0.0,0.0,0.0,0.0,0,0
6201,AMR CORP,201002,2010-02-17,10-K,edgar/data/6201/0000006201-10-000006.txt,https://www.sec.gov/Archives/edgar/data/6201/0000006201-10-000006.txt,6201,AMR CORP,201002,2010-02-17,10-K,edgar/data/6201/0000006201-10-000006.txt,https://www.sec.gov/Archives/edgar/data/6201/0000006201-10-000006.txt,0.0,0.0,0.0,0.0,0.0,0.0,0.0,0.0,0.0,0.0,0.0,0.0,0.0,0.0,0.0,0.0,0.0,0.0,0.0,0.0,0.0,0.0,0.0,0.0,0.0,0.0,0.0,0.0,0.0,0.0,0.0,0.0,0.0,0.0,0.0,0.0,0.0,0.0,0.0,0.0,0.0,0.0,0,0
6201,AMR CORP,201004,2010-04-21,10-Q,edgar/data/6201/0000006201-10-000013.txt,https://www.sec.gov/Archives/edgar/data/6201/0000006201-10-000013.txt,6201,AMR CORP,201004,2010-04-21,10-Q,edgar/data/6201/0000006201-10-000013.txt,https://www.sec.gov/Archives/edgar/data/6201/0000006201-10-000013.txt,0.0,0.0,0.0,0.0,0.0,0.0,0.0,0.0,0.0,0.0,0.0,0.0,0.0,0.0,0.0,0.0,0.0,0.0,0.0,0.0,0.0,0.0,0.0,0.0,0.0,0.0,0.0,0.0,0.0,0.0,0.0,0.0,0.0,0.0,0.0,0.0,0.0,0.0,0.0,0.0,0.0,0.0,0,0
6201,AMR CORP,201007,2010-07-21,10-Q,edgar/data/6201/0000950123-10-066894.txt,https://www.sec.gov/Archives/edgar/data/6201/0000950123-10-066894.txt,6201,AMR CORP,201007,2010-07-21,10-Q,edgar/data/6201/0000950123-10-066894.txt,https://www.sec.gov/Archives/edgar/data/6201/0000950123-10-066894.txt,0.0,0.0,0.0,0.0,0.0,0.0,0.0,0.0,0.0,0.0,0.0,0.0,0.0,0.0,0.0,0.0,0.0,0.0,0.0,0.0,0.0,0.0,0.0,0.0,0.0,0.0,0.0,0.0,0.0,0.0,0.0,0.0,0.0,0.0,0.0,0.0,0.0,0.0,0.0,0.0,0.0,0.0,0,0
6201,AMR CORP,201010,2010-10-20,10-Q,edgar/data/6201/0000950123-10-094605.txt,https://www.sec.gov/Archives/edgar/data/6201/0000950123-10-094605.txt,6201,AMR CORP,201010,2010-10-20,10-Q,edgar/data/6201/0000950123-10-094605.txt,https://www.sec.gov/Archives/edgar/data/6201/0000950123-10-094605.txt,0.0,0.0,0.0,0.0,0.0,0.0,0.0,0.0,0.0,0.0,0.0,0.0,0.0,0.0,0.0,0.0,0.0,0.0,0.0,0.0,0.0,0.0,0.0,0.0,0.0,0.0,0.0,0.0,0.0,0.0,0.0,0.0,0.0,0.0,0.0,0.0,0.0,0.0,0.0,0.0,0.0,0.0,0,0
6260,ANACOMP INC,199402,1994-02-14,10-Q,edgar/data/6260/0000006260-94-000014.txt,https://www.sec.gov/Archives/edgar/data/6260/0000006260-94-000014.txt,6260,ANACOMP INC,199402,1994-02-14,10-Q,edgar/data/6260/0000006260-94-000014.txt,https://www.sec.gov/Archives/edgar/data/6260/0000006260-94-000014.txt,0.0,0.0,0.0,0.0,0.0,0.0,0.0,0.0,0.0,0.0,0.0,0.0,0.0,0.0,0.0,0.0,0.0,0.0,0.0,0.0,0.0,0.0,0.0,0.0,0.0,0.0,0.0,0.0,0.0,0.0,0.0,0.0,0.0,0.0,0.0,0.0,0.0,0.0,0.0,0.0,0.0,0.0,0,0
6260,ANACOMP INC,199405,1994-05-12,10-Q,edgar/data/6260/0000006260-94-000016.txt,https://www.sec.gov/Archives/edgar/data/6260/0000006260-94-000016.txt,6260,ANACOMP INC,199405,1994-05-12,10-Q,edgar/data/6260/0000006260-94-000016.txt,https://www.sec.gov/Archives/edgar/data/6260/0000006260-94-000016.txt,0.0,0.0,0.0,0.0,0.0,0.0,0.0,0.0,0.0,0.0,0.0,0.0,0.0,0.0,0.0,0.0,0.0,0.0,0.0,0.0,0.0,0.0,0.0,0.0,0.0,0.0,0.0,0.0,0.0,0.0,0.0,0.0,0.0,0.0,0.0,0.0,0.0,0.0,0.0,0.0,0.0,0.0,0,0
6260,ANACOMP INC,199712,1997-12-29,10-K,edgar/data/6260/0000006260-97-000011.txt,https://www.sec.gov/Archives/edgar/data/6260/0000006260-97-000011.txt,6260,ANACOMP INC,199712,1997-12-29,10-K,edgar/data/6260/0000006260-97-000011.txt,https://www.sec.gov/Archives/edgar/data/6260/0000006260-97-000011.txt,0.0,0.0,0.0,0.0,0.0,0.0,0.0,0.0,0.0,0.0,0.0,0.0,0.0,0.0,0.0,0.0,0.0,0.0,0.0,0.0,0.0,0.0,0.0,0.0,0.0,0.0,0.0,0.0,0.0,0.0,0.0,0.0,0.0,0.0,0.0,0.0,0.0,0.0,0.0,0.0,0.0,0.0,2,2
6260,ANACOMP INC,199802,1998-02-17,10-Q,edgar/data/6260/0000006260-98-000001.txt,https://www.sec.gov/Archives/edgar/data/6260/0000006260-98-000001.txt,6260,ANACOMP INC,199802,1998-02-17,10-Q,edgar/data/6260/0000006260-98-000001.txt,https://www.sec.gov/Archives/edgar/data/6260/0000006260-98-000001.txt,0.0,0.0,0.0,0.0,0.0,0.0,0.0,0.0,0.0,0.0,0.0,0.0,0.0,0.0,0.0,0.0,0.0,0.0,0.0,0.0,0.0,0.0,0.0,0.0,0.0,0.0,0.0,0.0,0.0,0.0,0.0,0.0,0.0,0.0,0.0,0.0,0.0,0.0,0.0,0.0,0.0,0.0,0,0
6260,ANACOMP INC,199805,1998-05-13,10-Q,edgar/data/6260/0000006260-98-000003.txt,https://www.sec.gov/Archives/edgar/data/6260/0000006260-98-000003.txt,6260,ANACOMP INC,199805,1998-05-13,10-Q,edgar/data/6260/0000006260-98-000003.txt,https://www.sec.gov/Archives/edgar/data/6260/0000006260-98-000003.txt,0.0,0.0,0.0,0.0,0.0,0.0,0.0,0.0,0.0,0.0,0.0,0.0,0.0,0.0,0.0,0.0,0.0,0.0,0.0,0.0,0.0,0.0,0.0,0.0,0.0,0.0,0.0,0.0,0.0,0.0,0.0,0.0,0.0,0.0,0.0,0.0,0.0,0.0,0.0,0.0,0.0,0.0,0,0
6260,ANACOMP INC,199808,1998-08-14,10-Q,edgar/data/6260/0000914121-98-000672.txt,https://www.sec.gov/Archives/edgar/data/6260/0000914121-98-000672.txt,6260,ANACOMP INC,199808,1998-08-14,10-Q,edgar/data/6260/0000914121-98-000672.txt,https://www.sec.gov/Archives/edgar/data/6260/0000914121-98-000672.txt,0.0,0.0,0.0,0.0,0.0,0.0,0.0,0.0,0.0,0.0,0.0,0.0,0.0,0.0,0.0,0.0,0.0,0.0,0.0,0.0,0.0,0.0,0.0,0.0,0.0,0.0,0.0,0.0,0.0,0.0,0.0,0.0,0.0,0.0,0.0,0.0,0.0,0.0,0.0,0.0,0.0,0.0,0,0
6260,ANACOMP INC,199812,1998-12-29,10-K405,edgar/data/6260/0001047469-98-045227.txt,https://www.sec.gov/Archives/edgar/data/6260/0001047469-98-045227.txt,6260,ANACOMP INC,199812,1998-12-29,10-K405,edgar/data/6260/0001047469-98-045227.txt,https://www.sec.gov/Archives/edgar/data/6260/0001047469-98-045227.txt,0.0,0.0,0.0,0.0,0.0,0.0,0.0,0.0,0.0,0.0,0.0,0.0,0.0,0.0,0.0,0.0,0.0,0.0,0.0,0.0,0.0,0.0,0.0,0.0,0.0,0.0,0.0,0.0,0.0,0.0,0.0,0.0,0.0,0.0,0.0,0.0,0.0,0.0,0.0,0.0,0.0,0.0,8,8
6260,ANACOMP INC,199902,1999-02-11,10-Q,edgar/data/6260/0000006260-99-000005.txt,https://www.sec.gov/Archives/edgar/data/6260/0000006260-99-000005.txt,6260,ANACOMP INC,199902,1999-02-11,10-Q,edgar/data/6260/0000006260-99-000005.txt,https://www.sec.gov/Archives/edgar/data/6260/0000006260-99-000005.txt,0.0,0.0,0.0,0.0,0.0,0.0,0.0,0.0,0.0,0.0,0.0,0.0,0.0,0.0,0.0,0.0,0.0,0.0,0.0,0.0,0.0,0.0,0.0,0.0,0.0,0.0,0.0,0.0,0.0,0.0,0.0,0.0,0.0,0.0,0.0,0.0,0.0,0.0,0.0,0.0,0.0,0.0,0,0
6260,ANACOMP INC,199905,1999-05-17,10-Q,edgar/data/6260/0000006260-99-000007.txt,https://www.sec.gov/Archives/edgar/data/6260/0000006260-99-000007.txt,6260,ANACOMP INC,199905,1999-05-17,10-Q,edgar/data/6260/0000006260-99-000007.txt,https://www.sec.gov/Archives/edgar/data/6260/0000006260-99-000007.txt,0.0,0.0,0.0,0.0,0.0,0.0,0.0,0.0,0.0,0.0,0.0,0.0,0.0,0.0,0.0,0.0,0.0,0.0,0.0,0.0,0.0,0.0,0.0,0.0,0.0,0.0,0.0,0.0,0.0,0.0,0.0,0.0,0.0,0.0,0.0,0.0,0.0,0.0,0.0,0.0,0.0,0.0,0,0
6260,ANACOMP INC,199908,1999-08-13,10-Q,edgar/data/6260/0000006260-99-000010.txt,https://www.sec.gov/Archives/edgar/data/6260/0000006260-99-000010.txt,6260,ANACOMP INC,199908,1999-08-13,10-Q,edgar/data/6260/0000006260-99-000010.txt,https://www.sec.gov/Archives/edgar/data/6260/0000006260-99-000010.txt,0.0,0.0,0.0,0.0,0.0,0.0,0.0,0.0,0.0,0.0,0.0,0.0,0.0,0.0,0.0,0.0,0.0,0.0,0.0,0.0,0.0,0.0,0.0,0.0,0.0,0.0,0.0,0.0,0.0,0.0,0.0,0.0,0.0,0.0,0.0,0.0,0.0,0.0,0.0,0.0,0.0,0.0,0,0
11860,BETHLEHEM STEEL CORP /DE/,199811,1998-11-12,10-Q,edgar/data/11860/0000011860-98-000022.txt,https://www.sec.gov/Archives/edgar/data/11860/0000011860-98-000022.txt,11860,BETHLEHEM STEEL CORP /DE/,199811,1998-11-12,10-Q,edgar/data/11860/0000011860-98-000022.txt,https://www.sec.gov/Archives/edgar/data/11860/0000011860-98-000022.txt,0.0,0.0,0.0,0.0,0.0,0.0,0.0,0.0,0.0,0.0,0.0,0.0,0.0,0.0,0.0,0.0,0.0,0.0,0.0,0.0,0.0,0.0,0.0,0.0,0.0,0.0,0.0,0.0,0.0,0.0,0.0,0.0,0.0,0.0,0.0,0.0,0.0,0.0,0.0,0.0,0.0,0.0,1,1
11860,BETHLEHEM STEEL CORP /DE/,199903,1999-03-24,10-K405,edgar/data/11860/0001021408-99-000543.txt,https://www.sec.gov/Archives/edgar/data/11860/0001021408-99-000543.txt,11860,BETHLEHEM STEEL CORP /DE/,199903,1999-03-24,10-K405,edgar/data/11860/0001021408-99-000543.txt,https://www.sec.gov/Archives/edgar/data/11860/0001021408-99-000543.txt,0.0,0.0,0.0,11.067796610169491,0.1669218989280245,4.493887403639007,109.0,653.0,0.0,7.0,0.0,0.0,0.0,0.010719754977029096,0.0,0.0,0.0,0.0,0.0,0.0,0.0,0.0,0.0,0.0,0.0,0.0,0.0,0.0,0.0,0.0,0.0,0.0,0.0,0.0,0.0,0.0,0.0,0.0,0.0,0.0,0.0,0.0,2,2
11860,BETHLEHEM STEEL CORP /DE/,199905,1999-05-14,10-Q,edgar/data/11860/0000011860-99-000025.txt,https://www.sec.gov/Archives/edgar/data/11860/0000011860-99-000025.txt,11860,BETHLEHEM STEEL CORP /DE/,199905,1999-05-14,10-Q,edgar/data/11860/0000011860-99-000025.txt,https://www.sec.gov/Archives/edgar/data/11860/0000011860-99-000025.txt,0.0,0.0,0.0,0.0,0.0,0.0,0.0,0.0,0.0,0.0,0.0,0.0,0.0,0.0,0.0,0.0,0.0,0.0,0.0,0.0,0.0,0.0,0.0,0.0,0.0,0.0,0.0,0.0,0.0,0.0,0.0,0.0,0.0,0.0,0.0,0.0,0.0,0.0,0.0,0.0,0.0,0.0,0,0
11860,BETHLEHEM STEEL CORP /DE/,199906,1999-06-29,10-K/A,edgar/data/11860/0000011860-99-000030.txt,https://www.sec.gov/Archives/edgar/data/11860/0000011860-99-000030.txt,11860,BETHLEHEM STEEL CORP /DE/,199906,1999-06-29,10-K/A,edgar/data/11860/0000011860-99-000030.txt,https://www.sec.gov/Archives/edgar/data/11860/0000011860-99-000030.txt,0.0,0.0,0.0,0.0,0.0,0.0,0.0,0.0,0.0,0.0,0.0,0.0,0.0,0.0,0.0,0.0,0.0,0.0,0.0,0.0,0.0,0.0,0.0,0.0,0.0,0.0,0.0,0.0,0.0,0.0,0.0,0.0,0.0,0.0,0.0,0.0,0.0,0.0,0.0,0.0,0.0,0.0,0,0
11860,BETHLEHEM STEEL CORP /DE/,199908,1999-08-05,10-Q,edgar/data/11860/0000011860-99-000035.txt,https://www.sec.gov/Archives/edgar/data/11860/0000011860-99-000035.txt,11860,BETHLEHEM STEEL CORP /DE/,199908,1999-08-05,10-Q,edgar/data/11860/0000011860-99-000035.txt,https://www.sec.gov/Archives/edgar/data/11860/0000011860-99-000035.txt,0.0,0.0,0.0,0.0,0.0,0.0,0.0,0.0,0.0,0.0,0.0,0.0,0.0,0.0,0.0,0.0,0.0,0.0,0.0,0.0,0.0,0.0,0.0,0.0,0.0,0.0,0.0,0.0,0.0,0.0,0.0,0.0,0.0,0.0,0.0,0.0,0.0,0.0,0.0,0.0,0.0,0.0,0,0
11860,BETHLEHEM STEEL CORP /DE/,199911,1999-11-02,10-Q,edgar/data/11860/0000011860-99-000042.txt,https://www.sec.gov/Archives/edgar/data/11860/0000011860-99-000042.txt,11860,BETHLEHEM STEEL CORP /DE/,199911,1999-11-02,10-Q,edgar/data/11860/0000011860-99-000042.txt,https://www.sec.gov/Archives/edgar/data/11860/0000011860-99-000042.txt,0.0,0.0,0.0,0.0,0.0,0.0,0.0,0.0,0.0,0.0,0.0,0.0,0.0,0.0,0.0,0.0,0.0,0.0,0.0,0.0,0.0,0.0,0.0,0.0,0.0,0.0,0.0,0.0,0.0,0.0,0.0,0.0,0.0,0.0,0.0,0.0,0.0,0.0,0.0,0.0,0.0,0.0,0,0
11860,BETHLEHEM STEEL CORP /DE/,200003,2000-03-09,10-K,edgar/data/11860/0000011860-00-000019.txt,https://www.sec.gov/Archives/edgar/data/11860/0000011860-00-000019.txt,11860,BETHLEHEM STEEL CORP /DE/,200003,2000-03-09,10-K,edgar/data/11860/0000011860-00-000019.txt,https://www.sec.gov/Archives/edgar/data/11860/0000011860-00-000019.txt,0.0,0.0,0.0,12.0,0.16053921568627452,4.86421568627451,131.0,816.0,0.0,9.0,0.0,0.0,0.0,0.011029411764705883,0.0,0.0,0.0,0.0,0.0,0.0,0.0,0.0,0.0,0.0,0.0,0.0,0.0,0.0,0.0,0.0,0.0,0.0,0.0,0.0,0.0,0.0,0.0,0.0,0.0,0.0,0.0,0.0,11,11
11860,BETHLEHEM STEEL CORP /DE/,200005,2000-05-03,10-Q,edgar/data/11860/0000011860-00-000022.txt,https://www.sec.gov/Archives/edgar/data/11860/0000011860-00-000022.txt,11860,BETHLEHEM STEEL CORP /DE/,200005,2000-05-03,10-Q,edgar/data/11860/0000011860-00-000022.txt,https://www.sec.gov/Archives/edgar/data/11860/0000011860-00-000022.txt,0.0,0.0,0.0,0.0,0.0,0.0,0.0,0.0,0.0,0.0,0.0,0.0,0.0,0.0,0.0,0.0,0.0,0.0,0.0,0.0,0.0,0.0,0.0,0.0,0.0,0.0,0.0,0.0,0.0,0.0,0.0,0.0,0.0,0.0,0.0,0.0,0.0,0.0,0.0,0.0,0.0,0.0,0,0
11860,BETHLEHEM STEEL CORP /DE/,200006,2000-06-28,10-K/A,edgar/data/11860/0000011860-00-000025.txt,https://www.sec.gov/Archives/edgar/data/11860/0000011860-00-000025.txt,11860,BETHLEHEM STEEL CORP /DE/,200006,2000-06-28,10-K/A,edgar/data/11860/0000011860-00-000025.txt,https://www.sec.gov/Archives/edgar/data/11860/0000011860-00-000025.txt,0.0,0.0,0.0,0.0,0.0,0.0,0.0,0.0,0.0,0.0,0.0,0.0,0.0,0.0,0.0,0.0,0.0,0.0,0.0,0.0,0.0,0.0,0.0,0.0,0.0,0.0,0.0,0.0,0.0,0.0,0.0,0.0,0.0,0.0,0.0,0.0,0.0,0.0,0.0,0.0,0.0,0.0,0,0
11860,BETHLEHEM STEEL CORP /DE/,200007,2000-07-26,10-Q,edgar/data/11860/0000011860-00-000028.txt,https://www.sec.gov/Archives/edgar/data/11860/0000011860-00-000028.txt,11860,BETHLEHEM STEEL CORP /DE/,200007,2000-07-26,10-Q,edgar/data/11860/0000011860-00-000028.txt,https://www.sec.gov/Archives/edgar/data/11860/0000011860-00-000028.txt,0.0,0.0,0.0,0.0,0.0,0.0,0.0,0.0,0.0,0.0,0.0,0.0,0.0,0.0,0.0,0.0,0.0,0.0,0.0,0.0,0.0,0.0,0.0,0.0,0.0,0.0,0.0,0.0,0.0,0.0,0.0,0.0,0.0,0.0,0.0,0.0,0.0,0.0,0.0,0.0,0.0,0.0,0,0
11860,BETHLEHEM STEEL CORP /DE/,200010,2000-10-25,10-Q,edgar/data/11860/0000011860-00-000038.txt,https://www.sec.gov/Archives/edgar/data/11860/0000011860-00-000038.txt,11860,BETHLEHEM STEEL CORP /DE/,200010,2000-10-25,10-Q,edgar/data/11860/0000011860-00-000038.txt,https://www.sec.gov/Archives/edgar/data/11860/0000011860-00-000038.txt,0.0,0.0,0.0,0.0,0.0,0.0,0.0,0.0,0.0,0.0,0.0,0.0,0.0,0.0,0.0,0.0,0.0,0.0,0.0,0.0,0.0,0.0,0.0,0.0,0.0,0.0,0.0,0.0,0.0,0.0,0.0,0.0,0.0,0.0,0.0,0.0,0.0,0.0,0.0,0.0,0.0,0.0,0,0
12239,SPHERIX INC,200704,2007-04-02,10-K,edgar/data/12239/0001104659-07-024804.txt,https://www.sec.gov/Archives/edgar/data/12239/0001104659-07-024804.txt,12239,SPHERIX INC,200704,2007-04-02,10-K,edgar/data/12239/0001104659-07-024804.txt,https://www.sec.gov/Archives/edgar/data/12239/0001104659-07-024804.txt,0.0,0.0,0.0,0.0,0.0,0.0,0.0,0.0,0.0,0.0,0.0,0.0,0.0,0.0,0.0,0.0,0.0,0.0,0.0,0.0,0.0,0.0,0.0,0.0,0.0,0.0,0.0,0.0,0.0,0.0,0.0,0.0,0.0,0.0,0.0,0.0,0.0,0.0,0.0,0.0,0.0,0.0,4,4
12239,SPHERIX INC,200705,2007-05-16,NT 10-Q,edgar/data/12239/0001104659-07-040463.txt,https://www.sec.gov/Archives/edgar/data/12239/0001104659-07-040463.txt,12239,SPHERIX INC,200705,2007-05-16,NT 10-Q,edgar/data/12239/0001104659-07-040463.txt,https://www.sec.gov/Archives/edgar/data/12239/0001104659-07-040463.txt,0.0,0.0,0.0,0.0,0.0,0.0,0.0,0.0,0.0,0.0,0.0,0.0,0.0,0.0,0.0,0.0,0.0,0.0,0.0,0.0,0.0,0.0,0.0,0.0,0.0,0.0,0.0,0.0,0.0,0.0,0.0,0.0,0.0,0.0,0.0,0.0,0.0,0.0,0.0,0.0,0.0,0.0,0,0
12239,SPHERIX INC,200705,2007-05-18,10-Q,edgar/data/12239/0001104659-07-041441.txt,https://www.sec.gov/Archives/edgar/data/12239/0001104659-07-041441.txt,12239,SPHERIX INC,200705,2007-05-18,10-Q,edgar/data/12239/0001104659-07-041441.txt,https://www.sec.gov/Archives/edgar/data/12239/0001104659-07-041441.txt,0.0,0.0,0.0,0.0,0.0,0.0,0.0,0.0,0.0,0.0,0.0,0.0,0.0,0.0,0.0,0.0,0.0,0.0,0.0,0.0,0.0,0.0,0.0,0.0,0.0,0.0,0.0,0.0,0.0,0.0,0.0,0.0,0.0,0.0,0.0,0.0,0.0,0.0,0.0,0.0,0.0,0.0,0,0
12239,SPHERIX INC,200705,2007-05-23,10-K/A,edgar/data/12239/0001104659-07-042333.txt,https://www.sec.gov/Archives/edgar/data/12239/0001104659-07-042333.txt,12239,SPHERIX INC,200705,2007-05-23,10-K/A,edgar/data/12239/0001104659-07-042333.txt,https://www.sec.gov/Archives/edgar/data/12239/0001104659-07-042333.txt,0.0,0.0,0.0,0.0,0.0,0.0,0.0,0.0,0.0,0.0,0.0,0.0,0.0,0.0,0.0,0.0,0.0,0.0,0.0,0.0,0.0,0.0,0.0,0.0,0.0,0.0,0.0,0.0,0.0,0.0,0.0,0.0,0.0,0.0,0.0,0.0,0.0,0.0,0.0,0.0,0.0,0.0,4,4
12239,SPHERIX INC,200708,2007-08-14,10-Q,edgar/data/12239/0001104659-07-062470.txt,https://www.sec.gov/Archives/edgar/data/12239/0001104659-07-062470.txt,12239,SPHERIX INC,200708,2007-08-14,10-Q,edgar/data/12239/0001104659-07-062470.txt,https://www.sec.gov/Archives/edgar/data/12239/0001104659-07-062470.txt,0.0,0.0,0.0,0.0,0.0,0.0,0.0,0.0,0.0,0.0,0.0,0.0,0.0,0.0,0.0,0.0,0.0,0.0,0.0,0.0,0.0,0.0,0.0,0.0,0.0,0.0,0.0,0.0,0.0,0.0,0.0,0.0,0.0,0.0,0.0,0.0,0.0,0.0,0.0,0.0,0.0,0.0,0,0
